SCORE,FOLDER,PRODUCT_TITLE,SKU,IMAGES_FOUND,EXISTING,TO_UPLOAD
100%,"Switch Stop Llave On Off Compatible Honda Generadores Otros","Switch Stop Llave On Off Compatible Honda Generadores Otros",MAQJEEZ-000072,7,0,7
90%,"ACELERADOR","Acelerador Completo Para Desmalezadoras Niwa Omaha Lusqtoff",MAQJEEZ-000071,7,0,7
90%,"BOMBIN MOTOSIERRA","Kit Reparación Motosierra 38 45 52 Cc Bombin Bujía Juntas #3",MAQJEEZ-000139,1,0,1
90%,"CANILLA HEMBRA GRUPO ELECTROGENO","Canilla Grifo Paso Nafta Grupo Electrógeno Rosca Hembra",MAQJEEZ-000062,8,0,8
90%,"CAPUCHON DE BUJIA","Capuchon De Bujia P/desmalezadoras Chinas 33/43/52cc Niwa",MAQJEEZ-000047,6,0,6
90%,"CAPUCHON DE BUJIA GRUPO ELECTROGENO","Capuchon De Bujia P/grupo Electrogeno Niwa, Gamma, Lusqtoff",MAQJEEZ-000169,5,0,5
90%,"CARRETEL AUTOMATICO REFORZADO","Carretel Automatico Reforzado Mediano Porta Tanza Universal",MAQJEEZ-000069,7,0,7
90%,"CARTER DESMALEZADORA 52CC","Carter Volante Desmalezadora Niwa Gamma  52cc China",MAQJEEZ-000163,6,0,6
90%,"CUCHILLA 3 PUNTAS DESMALEZADORA CHINA","Cuchilla 3 Puntas Raisman® Para Desmalezadora China",MAQJEEZ-000079,8,0,8
90%,"EMBRAGUE FS 160 220 280","Embrague Raisman Para Stihl Fs 160 220  280",MAQJEEZ-000023,7,0,7
90%,"EMBRAGUE FS 160-220-280","Embrague Raisman Para Stihl Fs 160 220  280",MAQJEEZ-000023,6,0,6
90%,"INTERRUPTOR G720","2 Interruptor Llave Tecla G720 Amoladora Black Decker",MAQJEEZ-000095,6,0,6
90%,"JUNTA ALUMINIO TAPA ARRANQUE DESMALEZADORA","Junta Aluminio X 3 Para Tapa De Arranque Desmalezadora China",MAQJEEZ-000138,10,0,10
90%,"JUNTAS MOTOR MOTOSIERRA 52CC","Juego De Juntas De Motor Motosierra 45cc/52cc  Chinas Niwa",MAQJEEZ-000154,6,0,6
90%,"KIT SERVICE DESMALEZADORA","Kit Service Desmalezadora Llave Saca Bujía Y Herramientas",MAQJEEZ-000078,7,0,7
90%,"MANGUERA MOTOSIERRA NAFTA + FILTRO","Manguera De Nafta Motosierra 45cc/52cc China + Filtro Niwa K",MAQJEEZ-000061,10,0,10
90%,"MOTOR COMPLETO DESMALEZADORA 52CC","Motor Completo - Cilindro/block Para Desmalezadora 52cc",MAQJEEZ-000117,5,0,5
90%,"MOTOR MOTOSIERRA COMPLETO","Motor Completo Para Motosierra China 52/58cc Omaha Kld Niwa",MAQJEEZ-000111,1,0,1
90%,"PISTON DESMALEZADORA","Piston  Desmalezadora Chinas 52cc De 44mm De Diametro",MAQJEEZ-000014,5,0,5
90%,"POLEA GRUPO 13HP","Polea De Arranque De Grupo Electrógeno Generador  13hp  15hp",MAQJEEZ-000085,4,0,4
90%,"SOPORTE METALICO","Soporte Tanque Metálico Desmalezadora China 43/52 Cc",MAQJEEZ-000091,5,0,5
90%,"SOPORTE TANQUE DESMALEZADORA","Soporte Tanque De Combustible Desmalezadora China De 1 Litro",MAQJEEZ-000064,6,0,6
90%,"TANQUE NAFTA MOTOSIERRA","Kit Tapónes Para Tanque De Aceite Y Nafta Motosierra Garden",MAQJEEZ-000107,10,0,10
90%,"TAPA ARRANQUE 26CC DESMALEZADORA","Tapa Arranque 26cc Motoguadaña Desmalezadora Chinas 87x77mm Bull Service",MAQJEEZ-000029,10,0,10
90%,"TAPA DE FRENO KLD","Tapa De Arranque Motosierras + Tapa Freno 45/52/58cc Kld",MAQJEEZ-000119,6,0,6
90%,"TECLA ENCENDIDO PARA MOTOSIERRA","Tecla De Encendido On / Off Para Motosierra China",MAQJEEZ-000059,4,0,4
79%,"RETENES PARA DESMALEZADORAS CHINAS DE 33 A 52CC","Embrague Completo Para Desmalezadoras Chinas De 33 A 52cc",MAQJEEZ-000021,4,0,4
77%,"BOMBA ACEITE MAS SIN FIN MOTOSIERRA 52CC","Bomba Sin Fin Aceite Mangueras Filtro Motosierra 45cc 52cc",MAQJEEZ-000066,8,0,8
77%,"Protector Cobertor Plastico Desmalezadora Niwa Gamma Chinas","Protector Cobertor Plastico Desmalezadoras Niwa Gamma Chinas",MAQJEEZ-000004,10,0,10
75%,"CAMPANA STHIL FS 160 220 280","Porta Campana Embrague Orig Motoguadaña Stihl Fs 220 160 280",MAQJEEZ-000153,10,0,10
75%,"KIT BOBINA MAS FILTRO MAS BUJIA","Kit De Filtro De Aire Más Bujía Para Desmalezadoras Chinas",MAQJEEZ-000136,4,0,4
75%,"KIT DE MANGUERA DESMALEZADORA SIN FILTRO","Kit De Manguera Para Desmalezadora  Y Filtro 26cc 33cc 52cc",MAQJEEZ-000096,7,0,7
75%,"KIT PISTON 52CC 44MM DESMALEZADORA CHINAS","Piston  Desmalezadora Chinas 52cc De 44mm De Diametro",MAQJEEZ-000014,7,0,7
75%,"MANGUERA Y FILTRO NAFTA MOTOSIERRA CHINA","Manguera De Nafta Motosierra 45cc/52cc China + Filtro Niwa K",MAQJEEZ-000061,10,0,10
75%,"MOTOR COMPLETO PARA MOTOSIERRA 52CC 58CC","Motor Completo Para Motosierra China 52/58cc Omaha Kld Niwa",MAQJEEZ-000111,10,0,10
75%,"MOTOR COMPLETO PARA MOTOSIERRA CHINA 52CC","Motor Completo Para Motosierra China 52/58cc Omaha Kld Niwa",MAQJEEZ-000111,1,0,1
75%,"TUERCA PARA FRENO DE MOTOSIERRA 52CC","Tapa Lateral De Freno Completo Para Motosierra 45/52cc Gp",MAQJEEZ-000053,2,0,2
72%,"BARRAL COMPLETO PARA DESMALEZADORA 52CC","Motor Completo - Cilindro/block Para Desmalezadora 52cc",MAQJEEZ-000117,7,0,7
72%,"BOMBA + SIN FIN MOTOSIERRA  CHINA","Bomba Sin Fin Aceite Mangueras Filtro Motosierra 45cc 52cc",MAQJEEZ-000066,6,0,6
72%,"CAMPANA DESMALEZADORA 26MM 9 ESTRIAS","Caja De Engranaje Desmalezadora 9 Estrias 26mm 43 - 52 Cc",MAQJEEZ-000049,10,0,10
72%,"CARTER COMPLETO MOTOSIERRA 52CC CHINA","Tapa Arranque Completo Motosierra China 45/52cc",MAQJEEZ-000058,5,0,5
72%,"CAZOLETA PARA 2 ALAMBRE DESMALEZADORA","Cazoleta De Arranque Para Desmalezadora China P/alambre",MAQJEEZ-000051,4,0,4
72%,"CILINDRO COMPLETO DESMALEZADORA CHINA 52CC","Motor Completo - Cilindro/block Para Desmalezadora 52cc",MAQJEEZ-000117,10,0,10
72%,"ESTACTOR GRUPO ELECTROGENO 2.5","Avr Regulador Voltaje Tensión Grupo Electrogeno 2 A 3,5 Kva",MAQJEEZ-000134,3,0,3
72%,"FILTRO UNIVERSAL MOTOSIERRA CHINA 52CC","Manguera De Nafta Motosierra 45cc/52cc China + Filtro Niwa K",MAQJEEZ-000061,8,0,8
72%,"KIT DE CARBURADOR Y FILTRO","Kit De Manguera Para Desmalezadora  Y Filtro 26cc 33cc 52cc",MAQJEEZ-000096,8,0,8
72%,"MANGUERA NAFTA MOTOSIERRA SIN FILTRO","Manguera De Nafta Motosierra 45cc/52cc China + Filtro Niwa K",MAQJEEZ-000061,10,0,10
72%,"MEDIO MOTOR PARA DESMALEZADORA 52CC","Motor Nuevo Para Desmalezadora 52cc Niwa Omaha Lusqtoff Gamm",MAQJEEZ-000009,6,0,6
72%,"TANQUE DE NAFTA DESMALEZADORA 52CC","Tanque Nafta, Filtro De Aire, Soporte Plástico Desmalezadora",MAQJEEZ-000161,6,0,6
72%,"TAPA DE ARRANQUE FACIL DESMALEZADORA","Tapa Arranque Facil + Cazoleta Desmalezadora Chinas 43-52cc",MAQJEEZ-000010,10,0,10
72%,"TAPA DE FRENO CORTA MOTOSIERRA","Tapa Lateral De Freno Completo Para Motosierra 45/52cc Gp",MAQJEEZ-000053,5,0,5
70%,"CUBRE VOLANTE Y TAPA DE FRENO TINROX MOTOSIERRA 52CC","Cubre Volante Motosierra +tapa Freno 45/52cc Tinrox Original",MAQJEEZ-000120,6,0,6
68%,"BARRAL COMPLETO PARA DESMALEZADORA","Motor Completo - Cilindro/block Para Desmalezadora 52cc",MAQJEEZ-000117,0,0,0
68%,"BASE ADMISION DESMALEZADORA 52CC","Base De Admision Desmalezadoras Chinas 52cc",MAQJEEZ-000056,7,0,7
68%,"BASE DE FILTRO MOTOSIERRA","Manguera De Nafta Motosierra 45cc/52cc China + Filtro Niwa K",MAQJEEZ-000061,5,0,5
68%,"BOBINA DESMALEZADORA CHINA 52CC","Juego Juntas Motor Desmalezadora China 52cc Gamma Lusqtoff",MAQJEEZ-000017,6,0,6
68%,"BOBINA ENCENDIDO DESMALEZADORA 33CC","Bobina Modulo De Encendido Desmalezadora 43 A 52cc Gamma Lq",MAQJEEZ-000033,5,0,5
68%,"BOBINA GRUPO ELECTROGENO 13HP","Polea De Arranque De Grupo Electrógeno Generador  13hp  15hp",MAQJEEZ-000085,6,0,6
68%,"BRIDA ADMISION MOTOSIERRA CHINA","Brida Admision Motosierra 45cc / 52cc Gamma Lusqtoff Chinas",MAQJEEZ-000045,5,0,5
68%,"CABEZAL AUTOMATICO REFORZADO OMAHA","Carretel Cabezal Automático Desmalezadora Omaha Cds-52 Unive",MAQJEEZ-000140,6,0,6
68%,"CAJA DE ENGRANAJES 26MM","Caja De Engranaje Desmalezadora 9 Estrias 26mm 43 - 52 Cc",MAQJEEZ-000049,6,0,6
68%,"CARBURADOR 13HP GRUPO ELECTROGENO","Polea De Arranque De Grupo Electrógeno Generador  13hp  15hp",MAQJEEZ-000085,5,0,5
68%,"CARBURADOR FS160 220 280","Juego De Juntas Compatible Desmalezadora Sthil Fs160/220/280",MAQJEEZ-000067,6,0,6
68%,"CARBURADOR GRUPO 5.5","Tapa De Arranque Grupo Electrogeno / Generador 5.5 - 6.5 Hp",MAQJEEZ-000026,5,0,5
68%,"Carburador Motosierra 45 52cc","Tapa Lateral De Freno Completo Para Motosierra 45/52cc Gp",MAQJEEZ-000053,10,0,10
68%,"CARBURADOR MOTOSIERRA CHINA 52CC","Tapa Arranque Completo Motosierra China 45/52cc",MAQJEEZ-000058,5,0,5
68%,"CARBURADOR PARA DESMALEZADORA 52CC","Carretel Kommberg Automatico Para Desmalezadora 42/52cc Negro",MAQJEEZ-000002,6,0,6
68%,"CARRETEL AUTOMATICO OMAHA REFORZADO","Carretel Automatico Reforzado Mediano Porta Tanza Universal",MAQJEEZ-000069,4,0,4
68%,"CARRETEL AUTOMATICO STHIL X2","X2 Carretel Porta Tanza Desmalezadora Automático Universal",MAQJEEZ-000126,6,0,6
68%,"CARRETEL DESMALEZADORA 26CC AUTOMATICO","Carretel Kommberg Automatico Para Desmalezadora 42/52cc Negro",MAQJEEZ-000002,6,0,6
68%,"CAÑO ESCAPE PARA DESMALEZADORA","Escape Para Desmalezadora Motoguadaña Stihl Fs 160/220/280",MAQJEEZ-000109,5,0,5
68%,"EMBRAGUE DESMALEZADORA 43CC 52CC","Kit Bobina Bujia Para De Desmalezadora 43cc 52cc Niwa Omaha",MAQJEEZ-000103,7,0,7
68%,"ESCAPE STHIL FS 280","Escape Para Desmalezadora Motoguadaña Stihl Fs 160/220/280",MAQJEEZ-000109,6,0,6
68%,"ESPONJA FILTRO PARA DESMALEZADORA","Tapa Filtro Filtrera Completa Para Desmalezadora China 52cc",MAQJEEZ-000080,5,0,5
68%,"JAULA PARA DESMALEZADORA 52CC","Carretel Kommberg Automatico Para Desmalezadora 42/52cc Negro",MAQJEEZ-000002,4,0,4
68%,"KIT CILINDRO 26CC DESMALEZADORA","Kit Cilindro Pistón P/desmalezadora 52cc Gamma Chinas+juntas",MAQJEEZ-000060,4,0,4
68%,"KIT DE ACEITE COMPLETO","Kit Tapónes Para Tanque De Aceite Y Nafta Motosierra Garden",MAQJEEZ-000107,5,0,5
68%,"KIT DE HERRAMIENTAS MOTOSIERRA","Kit Cigüeñal De Motosierra 52cc Chinas Niwa Lusqtoff Omaha L",MAQJEEZ-000093,10,0,10
68%,"KIT DE HERRAMIENTAS SERVICE","Kit Service Motosierras Llave Saca Bujía Y Herramientas Kld",MAQJEEZ-000054,10,0,10
68%,"KIT DE MANGUERA PARA DESMALEZADORA 26CC A 58CC","Kit De Manguera Para Desmalezadora  Y Filtro 26cc 33cc 52cc",MAQJEEZ-000096,8,0,8
68%,"KIT PARA CARBURADOR DESMALEZADORAS","Kit Repuestos Bull Service Para Desmalezadoras 26-52cc",MAQJEEZ-000070,9,0,9
68%,"MAGNETO MOTOSIERRA CHINA 52CC","Tapa Arranque Completo Motosierra China 45/52cc",MAQJEEZ-000058,6,0,6
68%,"MANGUERA NAFTA MOTOSIERRA CHINAS","Kit Manguera Nafta + Filtro Desmalezadora Chinas 43-52cc",MAQJEEZ-000015,10,0,10
68%,"MANGUERA PARA NAFTA MOTOSIERRA","Manguera De Nafta Motosierra 45cc/52cc China + Filtro Niwa K",MAQJEEZ-000061,4,0,4
68%,"MOTOR HOYADORA 52CC LUSQTOFF","Motor Nuevo Para Desmalezadora 52cc Niwa Omaha Lusqtoff Gamm",MAQJEEZ-000009,9,0,9
68%,"MOTOSIERRA OMAHA 58CC PROFESIONAL","Tapa Arranque Motosierra 58cc Gamma Lusqtoff Niwa Omaha",MAQJEEZ-000035,10,0,10
68%,"OJAL PARA CARRETEL AUTOMATICO","Carretel Kommberg Automatico Para Desmalezadora 42/52cc Negro",MAQJEEZ-000002,10,0,10
68%,"OJALES PARA CARRETEL AUTOMATICO","Carretel Kommberg Automatico Para Desmalezadora 42/52cc Negro",MAQJEEZ-000002,6,0,6
68%,"REPUESTO POLEA ARRANQUE 13HP","Polea De Arranque De Grupo Electrógeno Generador  13hp  15hp",MAQJEEZ-000085,3,0,3
68%,"RESORTE PARA EMBRAGUE STHIL FS 160 220 280","Embrague Raisman Para Stihl Fs 160 220  280",MAQJEEZ-000023,9,0,9
68%,"RESORTE TAPA DE ARRANQUE","Tapa De Arranque Desmalezadora 33 43 52cc Chinas Shimaha Pro",MAQJEEZ-000025,7,0,7
68%,"SOPORTE TANQUE NAFTA METALLICO","Tanque Nafta, Filtro De Aire, Soporte Plástico Desmalezadora",MAQJEEZ-000161,6,0,6
68%,"TACOS DE GRUPO 13HP","Patas De Motor / Tacos De Motor Generador 13hp 15hp Niwa Kld",MAQJEEZ-000040,3,0,3
68%,"TANQUE APTO BOMBIN NEGRO","Tanque Nafta Para Motosierras Apto Bombín Y Tecla Encendido",MAQJEEZ-000121,5,0,5
68%,"TANQUE MAS SOPORTE Y FILTRO DE AIRE DESMALEZADORA","Tanque Nafta, Filtro De Aire, Soporte Plástico Desmalezadora",MAQJEEZ-000161,9,0,9
68%,"TANQUE MOTOSIERRAS CHINAS 52CC","Juego Tacos Motosierras 45 50 52cc Gamma Toyama Niwa Chinas",MAQJEEZ-000075,4,0,4
68%,"TAPA ARRANQUE GRUPO 13HP","Tapa De Arranque Grupo Electrogeno / Generador 5.5 - 6.5 Hp",MAQJEEZ-000026,6,0,6
68%,"TAPA DE ARRANQUE TINROX","Tapa De Arranque Desmalezadora 33 43 52cc Chinas Shimaha Pro",MAQJEEZ-000025,4,0,4
68%,"TAPA DE FRENO TINROX","Tapa Lateral De Freno Completo Para Motosierra 45/52cc Gp",MAQJEEZ-000053,6,0,6
68%,"TAPA DE TANQUE NAFTA DESMALEZADORA CHINAS 43 52CC","Tapa De Arranque Desmalezadora 33 43 52cc Chinas Shimaha Pro",MAQJEEZ-000025,9,0,9
64%,"CAJA DE ENGRANAJES 9 ESTRIAS Y 26MM","Caja De Engranaje Desmalezadora 9 Estrias 26mm 43 - 52 Cc",MAQJEEZ-000049,8,0,8
64%,"CAZOLETA PARA TAPA DE 2 ALAMBRE DESMALEZADORA","Cazoleta De Arranque Para Desmalezadora China P/alambre",MAQJEEZ-000051,5,0,5
64%,"Goma Amortiguador Desmalezadora Chinas 33-52 Cc","Resorte Embrague Desmalezadora 33 43 52 Cc Chinas Gamma",MAQJEEZ-000011,8,0,8
64%,"MARIPOSA PARA TAPA DE FILTRO MOTOSIERRA 52CC","Tapa Lateral De Freno Completo Para Motosierra 45/52cc Gp",MAQJEEZ-000053,5,0,5
60%,"ACEITE CADENA MOTOSIERRA","Bomba Sin Fin Aceite Mangueras Filtro Motosierra 45cc 52cc",MAQJEEZ-000066,8,0,8
60%,"ACELERADOR MOTOSIERRA ALAMBRE","Cebador Perilla Con Alambre Para Motosierra Chinas 52cc",MAQJEEZ-000149,10,0,10
60%,"ACELERADOR UNIVERSAL DESMALEZADORA","Arnés Desmalezadora Motoguadaña Universal 33 43 52cc Calidad",MAQJEEZ-000016,10,0,10
60%,"ACOPLE OMAHA 58CC","Tapa Arranque Motosierra 58cc Gamma Lusqtoff Niwa Omaha",MAQJEEZ-000035,6,0,6
60%,"ADMISION BRIDA DESMALEZADORA","Brida Tobera Admisión Carburador Desmalezadoras Chinas 43 52",MAQJEEZ-000022,9,0,9
60%,"ARNES REFORZADO LUSQTOFF","Arnes Desmalezadora Motoguadaña 52 43 33 Lusqtoff Color Naranja",MAQJEEZ-000008,1,0,1
60%,"AROS PARA MOTOSIERRAS","Kit Bobina + Filtro+ Bujia  Para Motosierras Omaha/kld 52cc",MAQJEEZ-000076,10,0,10
60%,"BIDON MEZCLA 2T","Bidon Mix 2t Economico Desmalezadora Motosierra Cuatriciclos",MAQJEEZ-000012,2,0,2
60%,"BOBINA STHIL FS 160 220 280","Embrague Raisman Para Stihl Fs 160 220  280",MAQJEEZ-000023,10,0,10
60%,"BOMBA DE ACEITE MOTOSIERRA 38CC CHINA","Sin Fin De Bomba De Aceite Motosierra 45cc/52cc Gamma Chinas",MAQJEEZ-000127,6,0,6
60%,"BOMBIM MOTOSIERRA CHINAS","Brida Admision Motosierra 45cc / 52cc Gamma Lusqtoff Chinas",MAQJEEZ-000045,6,0,6
60%,"BOMBIN MOTOSIERRA TORNILLOS","Kit Reparación Motosierra 38 45 52 Cc Bombin Bujía Juntas #3",MAQJEEZ-000139,6,0,6
60%,"BRIDA DE ADMISION DE MOTOSIERRA 52CC","Brida Admision Motosierra 45cc / 52cc Gamma Lusqtoff Chinas",MAQJEEZ-000045,2,0,2
60%,"CAJA 28 DESMALEZADORA","Caja De Engranaje Desmalezadora 9 Estrias 26mm 43 - 52 Cc",MAQJEEZ-000049,4,0,4
60%,"CAMPANA DESMALEZADORA 280","Juego De Juntas Compatible Desmalezadora Sthil Fs160/220/280",MAQJEEZ-000067,2,0,2
60%,"CANILLA GRUPO ELECTROGENO 5.5HP MACHO","Canilla Grifo Paso Nafta Grupo Electrógeno Rosca Macho",MAQJEEZ-000032,7,0,7
60%,"CARBURADOR 26CC 33CC","Kit De Manguera Para Desmalezadora  Y Filtro 26cc 33cc 52cc",MAQJEEZ-000096,2,0,2
60%,"CARBURADOR 52CC + FILTRO DE AIRE DESMALEZADORA","Kit De Manguera Para Desmalezadora  Y Filtro 26cc 33cc 52cc",MAQJEEZ-000096,7,0,7
60%,"CARBURADOR 52CC CHINO","Kit Juntas Y Bombin Carburador Desmalezadora 33/43/52cc",MAQJEEZ-000007,6,0,6
60%,"CARBURADOR DESMALEZADORA 52CC + BRIDA+JUNTAS +TORNILLOS","Kit Juntas Y Bombin Carburador Desmalezadora 33/43/52cc",MAQJEEZ-000007,7,0,7
60%,"CARBURADOR GRUPO 13HP","Kit Juntas Motor Gx390 13hp Grupo Electrgenos 6500w Chinos",MAQJEEZ-000077,9,0,9
60%,"CARCASA MOTOSIERRA OMAHA","Tapa Arranque Motosierra 58cc Gamma Lusqtoff Niwa Omaha",MAQJEEZ-000035,6,0,6
60%,"CARRETEL AUTOMATICO LUSQTOFF","Carretel Kommberg Automatico Para Desmalezadora 42/52cc Negro",MAQJEEZ-000002,6,0,6
60%,"CEBADOR MOTOSIERRA CHINA","Tapa Arranque Completo Motosierra China 45/52cc",MAQJEEZ-000058,9,0,9
60%,"CILINDRO COMPLETO PARA MOTOSIERRA CHINA 52CC","Tapa Lateral De Freno Completo Para Motosierra 45/52cc Gp",MAQJEEZ-000053,10,0,10
60%,"CILINDRO DESMALEZADORA 33CC","Kit Cilindro Pistón P/desmalezadora 52cc Gamma Chinas+juntas",MAQJEEZ-000060,6,0,6
60%,"DESMALEZADORA CLORJAX 52CC","Carretel Kommberg Automatico Para Desmalezadora 42/52cc Negro",MAQJEEZ-000002,7,0,7
60%,"EMBRAGUE 26CC DESMALEZADORA","Resorte Embrague Desmalezadora 33 43 52 Cc Chinas Gamma",MAQJEEZ-000011,5,0,5
60%,"EMBRAGUE 63CC GAMMA","Resorte Embrague Desmalezadora 33 43 52 Cc Chinas Gamma",MAQJEEZ-000011,3,0,3
60%,"EMBRAGUE MOTOSIERRA 38CC","Juntas , Diafragma Carburador Motosierra 38cc 45cc 52cc",MAQJEEZ-000151,6,0,6
60%,"FILTRO AIRE 26-33-43-52CC","Carretel Cabezal Desmalezadora Lusqtoff Manual Universal Rosca Cabezal 8,5mm Apto Potencias 23 26 31 33 34 40 43 52cc Color Negro",MAQJEEZ-000037,6,0,6
60%,"INTERRUPTOR METAL PARA MOTOSIERRA ON-OFF","Tecla De Encendido On / Off Para Motosierra China",MAQJEEZ-000059,6,0,6
60%,"JUNTAS STHIL FS 160 220 280","Embrague Raisman Para Stihl Fs 160 220  280",MAQJEEZ-000023,5,0,5
60%,"KIT DE 2 EMBRAGUE DESMALEZADORAS CHINAS","Embrague Completo Para Desmalezadoras Chinas De 33 A 52cc",MAQJEEZ-000021,6,0,6
60%,"KIT DE ACEITE MOTOSIERRA CHINA 52CC","Manguera De Nafta Motosierra 45cc/52cc China + Filtro Niwa K",MAQJEEZ-000061,6,0,6
60%,"KIT DE BOMBINES PARA DESMALEZADORA X50","Kit De Manguera Para Desmalezadora  Y Filtro 26cc 33cc 52cc",MAQJEEZ-000096,6,0,6
60%,"KIT DE JUNTAS GRUPO ELECTROGENO 13HP","Kit Juntas Motor Gx390 13hp Grupo Electrgenos 6500w Chinos",MAQJEEZ-000077,5,0,5
60%,"KIT DE PISTON MOTOSIERRA 52CC 45MM","Kit Cigüeñal De Motosierra 52cc Chinas Niwa Lusqtoff Omaha L",MAQJEEZ-000093,0,0,0
60%,"MANGUERA GRUPO ELECTROGENO","Tapa De Arranque Grupo Electrogeno / Generador 5.5 - 6.5 Hp",MAQJEEZ-000026,7,0,7
60%,"MOTOR COMPLETO PARA DESMALEZADORA SIN CARBURADOR","Motor Completo - Cilindro/block Para Desmalezadora 52cc",MAQJEEZ-000117,5,0,5
60%,"PROTECTOR CIGUEÑAL MOTOSIERRA","Kit Cigüeñal De Motosierra 52cc Chinas Niwa Lusqtoff Omaha L",MAQJEEZ-000093,3,0,3
60%,"PROTECTOR DE CARRETEL","Ojal De Bronce Universal Carretel Porta Tanza Desmalezadoras",MAQJEEZ-000050,0,0,0
60%,"RESORTE CARRETEL AUTOMATICO","Carretel Kommberg Automatico Para Desmalezadora 42/52cc Negro",MAQJEEZ-000002,5,0,5
60%,"RESORTE RETRACTIL PARA DESMALEZADORA 43CC 52CC","Kit Bobina Bujia Para De Desmalezadora 43cc 52cc Niwa Omaha",MAQJEEZ-000103,6,0,6
60%,"SOPORTE PLASTICO PARA TANQUE DESMALEZADORA CHINA","Soporte Tanque De Combustible Desmalezadora China De 1 Litro",MAQJEEZ-000064,10,0,10
60%,"SOPORTE TANQUE METALLICO","Soporte Tanque De Combustible Desmalezadora China De 1 Litro",MAQJEEZ-000064,10,0,10
60%,"TANQUE GRUPO 13HP","Kit Juntas Motor Gx390 13hp Grupo Electrgenos 6500w Chinos",MAQJEEZ-000077,2,0,2
60%,"TANQUE NAFTA FS 160 220 280","Embrague Raisman Para Stihl Fs 160 220  280",MAQJEEZ-000023,7,0,7
60%,"TAPA DE ARRANQUE CON CAZOLETA MOÑO","Tapa Arranque Moño + Cazoleta Desmalezadora Chinas 43-52cc",MAQJEEZ-000094,3,0,3
60%,"TAPA DE ARRANQUE DE 2 ALAMBRES","Tapa De Arranque Desmalezadora 33 43 52cc Chinas Shimaha Pro",MAQJEEZ-000025,10,0,10
60%,"TAPA DE ARRANQUE MAS FRENO MOTOSIERRA","Tapa Lateral De Freno Completo Para Motosierra 45/52cc Gp",MAQJEEZ-000053,10,0,10
56%,"Bobina O Modulo De Encendido Para Motosierras 52cc","Bobina Modulo De Encendido Desmalezadora 43 A 52cc Gamma Lq",MAQJEEZ-000033,6,0,6
56%,"CILINDRO COMPLETO PARA MOTOSIERRA CHINA 45 A 58CC","Motor Completo Para Motosierra China 52/58cc Omaha Kld Niwa",MAQJEEZ-000111,6,0,6
56%,"CODO MANILLAR UNION DESMALEZADORA FS 160 220 280","Escape Para Desmalezadora Motoguadaña Stihl Fs 160/220/280",MAQJEEZ-000109,5,0,5
56%,"KIT DE MANGUERAS PARA DESMALEZADORA CON FILTRO CERAMICO","Kit De Manguera Para Desmalezadora  Y Filtro 26cc 33cc 52cc",MAQJEEZ-000096,5,0,5
56%,"TAPA DE ARRANQUE DE 2 ALAMBRES DESMALEZADORAS CHINAS","Tapa De Arranque Desmalezadora 33 43 52cc Chinas Shimaha Pro",MAQJEEZ-000025,7,0,7
54%,"ADMISION PARA CARBURADOR DESMALEZADORA 52CC","Carretel Kommberg Automatico Para Desmalezadora 42/52cc Negro",MAQJEEZ-000002,4,0,4
54%,"AVR GRUPO ELECTROGENO 6500 5000","Avr Regulador Voltaje Tensión Grupo Electrogeno 2 A 3,5 Kva",MAQJEEZ-000134,10,0,10
54%,"AVR GRUPO ELECTROGENO HASTA 3000W","Avr Regulador Voltaje Tensión Grupo Electrogeno 2 A 3,5 Kva",MAQJEEZ-000134,6,0,6
54%,"BALANCIN GRUPO ELECTROGENO 13HP GX390","Kit Juntas Motor Gx390 13hp Grupo Electrgenos 6500w Chinos",MAQJEEZ-000077,6,0,6
54%,"Barral Desmalezadora Motoguadaña Campana Embrague","Porta Campana Embrague Orig Motoguadaña Stihl Fs 220 160 280",MAQJEEZ-000153,5,0,5
54%,"BASE SOPORTE CARBURADOR MOTOSIERRA 52CC","Base Brida Placa P/tubo Carburador Motosierra Completo Niwa",MAQJEEZ-000105,6,0,6
54%,"BIELA GRUPO ELECTROGENO 5.5HP","Tapa De Arranque Grupo Electrogeno / Generador 5.5 - 6.5 Hp",MAQJEEZ-000026,6,0,6
54%,"BOMBIN CLICK PARA MOTOSIERRA CHINA","Tecla De Encendido On / Off Para Motosierra China",MAQJEEZ-000059,6,0,6
54%,"BRIDA DESMALEZADORA MAS JUNTAS 52CC","Kit Juntas Y Bombin Carburador Desmalezadora 33/43/52cc",MAQJEEZ-000007,10,0,10
54%,"CADENA Y ESPADA MOTOSIERRA CHINA","Tapa Tanque Nafta Y Aceite  Motosierra China 45- 52- 58 Cc",MAQJEEZ-000122,5,0,5
54%,"CAMPANA GAMMA 28MM 9 ESTRIAS","Campana De Embrague P/desmalezadoras 9 Estrías Genérico",MAQJEEZ-000042,3,0,3
54%,"CARBURADOR CON JUNTA PARA DESMALEZADORA","Escape Con Espárragos Tuercas Junta Para Motosierra Niwa Kld",MAQJEEZ-000098,4,0,4
54%,"CARBURADOR DESMALEZADORA 52 + BUJIA + JUNTA","Bujia Motor 52/43cc Desmalezadora Monopatín Motosierra",MAQJEEZ-000031,6,0,6
54%,"CARBURADOR DESMALEZADORA KIT CON MANGUERAS","Kit Juntas Y Bombin Carburador Desmalezadora 33/43/52cc",MAQJEEZ-000007,6,0,6
54%,"CARCASA PLASTICA DESMALEZADORA CHINAS 52CC","Tapa Arranque Facil + Cazoleta Desmalezadora Chinas 43-52cc",MAQJEEZ-000010,4,0,4
54%,"CARCASA PLASTICA MOTOSIERRA CHINA OMAHA","Motor Completo Para Motosierra China 52/58cc Omaha Kld Niwa",MAQJEEZ-000111,10,0,10
54%,"CARDAN COMPLETO PARA DESMALEZADORA CHINA","Cazoleta De Arranque Para Desmalezadora China P/alambre",MAQJEEZ-000051,3,0,3
54%,"CIGUEÑAL MOTOSIERRA 52CC MAS JUNTAS","Kit Cigüeñal De Motosierra 52cc Chinas Niwa Lusqtoff Omaha L",MAQJEEZ-000093,10,0,10
54%,"CILINDRO PARA DESMALEZADORA CON JUNTAS","Kit Cilindro Pistón P/desmalezadora 52cc Gamma Chinas+juntas",MAQJEEZ-000060,5,0,5
54%,"ESCAPE PARA MOTOSIERRA 52CC 58CC","Tapa Lateral Freno Motosierra 52cc-58cc Compatible Repo Incluye Tensor",MAQJEEZ-000044,10,0,10
54%,"FILTRO AIRE 26CC DESMALEZADORA CHINA","Tapa Filtro Filtrera Completa Para Desmalezadora China 52cc",MAQJEEZ-000080,4,0,4
54%,"FILTRO DE AIRE GRUPO ELECTROGENO","Tapa De Arranque Grupo Electrogeno / Generador 5.5 - 6.5 Hp",MAQJEEZ-000026,0,0,0
54%,"GUIA DE CADENA PARA MOTOSIERRA","Tapa Lateral De Freno Completo Para Motosierra 45/52cc Gp",MAQJEEZ-000053,10,0,10
54%,"JUNTAS Y BRIDA ADMISION MOTOSIERRA","Brida Admision Motosierra 45cc / 52cc Gamma Lusqtoff Chinas",MAQJEEZ-000045,5,0,5
54%,"KIT ABRAZADERAS DESMALEZADORA Y CARCASA","Kit Juntas Y Bombin Carburador Desmalezadora 33/43/52cc",MAQJEEZ-000007,2,0,2
54%,"KIT CILINDRO STHIL FS 280","Kit Repuestos Stihl Fs 220/160/280 - Porta Campana Embrague",MAQJEEZ-000158,5,0,5
54%,"KIT COMPLETO PARA COMPRESOR OMAHA","Acelerador Completo Para Desmalezadoras Niwa Omaha Lusqtoff",MAQJEEZ-000071,6,0,6
54%,"KIT DE CARBURADOR DESMALEZADORAS 52CC","Kit Juntas Y Bombin Carburador Desmalezadora 33/43/52cc",MAQJEEZ-000007,0,0,0
54%,"KIT DE ESCAPE MAS JUNTAS","Kit De Filtro De Aire Más Bujía Para Desmalezadoras Chinas",MAQJEEZ-000136,4,0,4
54%,"KIT DE JUNTAS MOTOSIERRA 38CC","Kit Cigüeñal De Motosierra 52cc Chinas Niwa Lusqtoff Omaha L",MAQJEEZ-000093,5,0,5
54%,"KIT DE PISTON 33CC 36MM","Kit De Manguera Para Desmalezadora  Y Filtro 26cc 33cc 52cc",MAQJEEZ-000096,6,0,6
54%,"KIT DE PISTON 43CC 40MM","Kit Bobina Bujia Para De Desmalezadora 43cc 52cc Niwa Omaha",MAQJEEZ-000103,6,0,6
54%,"KIT DESMALEZADORA CILINDRO COMPLETO 43CC","Kit Cilindro Pistón P/desmalezadora 52cc Gamma Chinas+juntas",MAQJEEZ-000060,5,0,5
54%,"KIT MANGUERA DESMALEZADORA SIN FINTRO","Kit Manguera Nafta + Filtro Desmalezadora Chinas 43-52cc",MAQJEEZ-000015,7,0,7
54%,"KIT MAYORISTA TANQUE Y SOPORTES","Kit Tapónes Para Tanque De Aceite Y Nafta Motosierra Garden",MAQJEEZ-000107,2,0,2
54%,"MOTOR COMPLETO KLD DESMALEZADORA AZUL","Motor Completo Para Motosierra China 52/58cc Omaha Kld Niwa",MAQJEEZ-000111,0,0,0
54%,"MOTOR CON MEDIDAS DESMALEZADORA 52CC","Motor Nuevo Para Desmalezadora 52cc Niwa Omaha Lusqtoff Gamm",MAQJEEZ-000009,4,0,4
54%,"MOTOR DESMALEZADORA 52CC CON CARBURADOR","Kit Juntas Y Bombin Carburador Desmalezadora 33/43/52cc",MAQJEEZ-000007,6,0,6
54%,"OJALAES BRONCE PARA CARRETEL MANUAL","Ojal Para Carretel Manual Desmalezadora Kit X2 Gamma Kld Oma",MAQJEEZ-000087,9,0,9
54%,"OJALES PARA CARRETEL DESMALEZADORA REDONDOS","Carretel Kommberg Automatico Para Desmalezadora 42/52cc Negro",MAQJEEZ-000002,6,0,6
54%,"PROTECTOR PARA CARRETEL DE DESMALEZADORA","Carretel Kommberg Automatico Para Desmalezadora 42/52cc Negro",MAQJEEZ-000002,7,0,7
54%,"SELLO DE GOMA PARA BUJIA","Kit Bobina Bujia Para De Desmalezadora 43cc 52cc Niwa Omaha",MAQJEEZ-000103,4,0,4
54%,"TANQUE NAFTA TAPA CENTRAL DESMALEZADORA","Tanque Nafta Compatible Desmalezadora",MAQJEEZ-000092,6,0,6
54%,"TAPA DE ARRANQUE GAMMA VIEJA","Tapa De Arranque Desmalezadora 33 43 52cc Chinas Shimaha Pro",MAQJEEZ-000025,10,0,10
54%,"TAPA DE ARRANQUE MOTOSIERRA 38CC","Tapa De Arranque Desmalezadora 33 43 52cc Chinas Shimaha Pro",MAQJEEZ-000025,5,0,5
54%,"TAPA DE ARRANQUE MOTOSIERRA NEGRA","Tapa De Arranque Desmalezadora 33 43 52cc Chinas Shimaha Pro",MAQJEEZ-000025,0,0,0
54%,"TORRETA 3 PUNTAS PARA HUSQVARNA","Cuchilla 3 Puntas Raisman® Para Desmalezadora China",MAQJEEZ-000079,7,0,7
54%,"TRINQUETE 26CC PARA DESMALEZADORA CHINAS","Tapa Arranque Para Desmalezadora Motoguadaña Chinas Moño",MAQJEEZ-000020,6,0,6
54%,"TUERCA IZQUIERDA PARA CUCHILLA DESMALEZADORAS","Cuchilla Para Desmalezadora - Tres Puntas + Tuerca.",MAQJEEZ-000104,5,0,5
51%,"BARRAL CAÑO STHIL FS 160 220 280","Embrague Raisman Para Stihl Fs 160 220  280",MAQJEEZ-000023,4,0,4
51%,"CADENA MOTOSIERRA CHINAS 52CC DE 76 ESLABONES","Sin Fin De Bomba De Aceite Motosierra 45cc/52cc Gamma Chinas",MAQJEEZ-000127,5,0,5
51%,"CAJA REDUCTORA STHIL FS 160 220 280","Embrague Raisman Para Stihl Fs 160 220  280",MAQJEEZ-000023,3,0,3
51%,"CAZOLETA PARA TAPA DE 2 ALAMBRES DESMALEZADORA","Cazoleta De Arranque Para Desmalezadora China P/alambre",MAQJEEZ-000051,6,0,6
51%,"CILINDRO DESMALEZADORA 52CC CON JAULA Y JUNTAS","Kit Juntas Y Bombin Carburador Desmalezadora 33/43/52cc",MAQJEEZ-000007,7,0,7
51%,"JUNTA ESCAPE MOTOSIERRA CHINA 45CC 52CC 58CC","Manguera De Nafta Motosierra 45cc/52cc China + Filtro Niwa K",MAQJEEZ-000061,6,0,6
51%,"KIT DE 6 RESORTES PARA EMBRAGUE DESMALEZADORA","Kit De Manguera Para Desmalezadora  Y Filtro 26cc 33cc 52cc",MAQJEEZ-000096,6,0,6
51%,"KIT DE CILINDRO MOTOSIERRA 52CC CON JUNTAS","Kit Cilindro Pistón P/desmalezadora 52cc Gamma Chinas+juntas",MAQJEEZ-000060,6,0,6
51%,"KIT DE MANGUERA MS 361 CON FILTRO","Kit De Manguera Para Desmalezadora  Y Filtro 26cc 33cc 52cc",MAQJEEZ-000096,6,0,6
51%,"KIT DE MANGUERAS Y BOMBIN PARA DESMALEZADORAS","Kit De Manguera Para Desmalezadora  Y Filtro 26cc 33cc 52cc",MAQJEEZ-000096,6,0,6
51%,"KIT DE PISTON GRUPO ELECTROGENO 13HP 188F","Polea De Arranque De Grupo Electrógeno Generador  13hp  15hp",MAQJEEZ-000085,5,0,5
51%,"KIT JUNTAS GRUPO ELECTROGENO 13HP Y 17HP","Kit Juntas Motor Gx390 13hp Grupo Electrgenos 6500w Chinos",MAQJEEZ-000077,10,0,10
51%,"TAMBOR DE ARRANQUE GRUPO ELECTROGENO CON LLAVE","Tapa De Arranque Grupo Electrogeno / Generador 5.5 - 6.5 Hp",MAQJEEZ-000026,6,0,6
51%,"TAPA DE ARRANQUE GRUPO O 4 RUEDAS","Tapa De Arranque Grupo Electrogeno / Generador 5.5 - 6.5 Hp",MAQJEEZ-000026,6,0,6
51%,"TAPA DE FILTRO Y FILTRO MS 361","Kit De Manguera Para Desmalezadora  Y Filtro 26cc 33cc 52cc",MAQJEEZ-000096,7,0,7
51%,"TAPA FILTRO STHIL FS 160 220 280","Embrague Raisman Para Stihl Fs 160 220  280",MAQJEEZ-000023,9,0,9
50%,"CAÑO DE MANILLAR DESMALEZADORA STHIL FS 160-220-280","Juego De Juntas Compatible Desmalezadora Sthil Fs160/220/280",MAQJEEZ-000067,3,0,3
50%,"TAPA DE ARRANQUE PARA MOTOSIERRA CHINA 45CC A 58CC","Junta Aluminio X 3 Para Tapa De Arranque Desmalezadora China",MAQJEEZ-000138,10,0,10
50%,"TAPA DE FRENO KLD Y CUBRE MANGNETO MOTOSIERRA 52CC","Tapa Lateral De Freno Completo Para Motosierra 45/52cc Gp",MAQJEEZ-000053,8,0,8
50%,"TAPA DE TANQUE COMBUSTIBLE DE GRUPO ELECTROGENO O MOTOBOMBA","Tapa De Arranque Grupo Electrogeno / Generador 5.5 - 6.5 Hp",MAQJEEZ-000026,6,0,6
45%,"2 MANGUERAS 2 BOMBINES 2 PASAMANGUERA","Tanque Nafta 2 Agujeros Repuesto Desmalezadoras 33/43/52cc",MAQJEEZ-000006,7,0,7
45%,"ABRAZADERA MANILLAR DESMALEZADORA 1","Soporte Tanque De Combustible Desmalezadora China De 1 Litro",MAQJEEZ-000064,6,0,6
45%,"ACEITE PARA CADENA  500CC","Kit Tapónes Para Tanque De Aceite Y Nafta Motosierra Garden",MAQJEEZ-000107,10,0,10
45%,"ACELERADOR COMPLETO GAMMA ELITE","Acelerador Completo Para Desmalezadoras Niwa Omaha Lusqtoff",MAQJEEZ-000071,2,0,2
45%,"ACOPLE CARRETEL CORTE BAJO","Cabezal Porta Tanza Carretel Desmalezadora Motoguadaña Bajo",MAQJEEZ-000001,10,0,10
45%,"Arbol De Levas Para Motoguadaña Umk435","Filtro De Aire Cmc Para Motoguadaña Stihl Fs 450",MAQJEEZ-000118,10,0,10
45%,"ARNES GANCHO","Arnes Desmalezadora Motoguadaña 52 43 33 Lusqtoff Color Naranja",MAQJEEZ-000008,5,0,5
45%,"ARNES PROFECIONAL","Arnes Desmalezadora Motoguadaña 52 43 33 Lusqtoff Color Naranja",MAQJEEZ-000008,8,0,8
45%,"BARRAL CAJA DE ENGRANAJES","Caja De Engranaje Desmalezadora 9 Estrias 26mm 43 - 52 Cc",MAQJEEZ-000049,10,0,10
45%,"BASE COMPLETA ADMISION MOTOSIERRA","Brida Admision Motosierra 45cc / 52cc Gamma Lusqtoff Chinas",MAQJEEZ-000045,5,0,5
45%,"BIELA GRUPO ELECTROGENO NAFTA 13HP GX390","Canilla Grifo Paso Nafta Grupo Electrógeno Rosca Macho",MAQJEEZ-000032,6,0,6
45%,"BOBINA 143RII","Bobina Modulo De Encendido Desmalezadora 43 A 52cc Gamma Lq",MAQJEEZ-000033,1,0,1
45%,"BOBINA DESMALEZADORA 26CC CHINA","Juego Juntas Motor Desmalezadora China 52cc Gamma Lusqtoff",MAQJEEZ-000017,10,0,10
45%,"BOMBA + SIN FIN + MANGUERA HUSQVARNA 365","Bomba Sin Fin Aceite Mangueras Filtro Motosierra 45cc 52cc",MAQJEEZ-000066,6,0,6
45%,"BOMBA CENTRIFUGA GAMMA CP80","Sin Fin De Bomba De Aceite Motosierra 45cc/52cc Gamma Chinas",MAQJEEZ-000127,7,0,7
45%,"BOMBA GAMMA AUTOASPIRANTE 1HP","Sin Fin De Bomba De Aceite Motosierra 45cc/52cc Gamma Chinas",MAQJEEZ-000127,4,0,4
45%,"BOMBIN CLIP MOTOSIERRA CHINAS","Brida Admision Motosierra 45cc / 52cc Gamma Lusqtoff Chinas",MAQJEEZ-000045,4,0,4
45%,"BOMBIN PARA DESMALEZADORA 26CC A 58CC","Kit De Manguera Para Desmalezadora  Y Filtro 26cc 33cc 52cc",MAQJEEZ-000096,10,0,10
45%,"BRIDA ADMISION DESMALEZADORA 33CC","Brida Tobera Admisión Carburador Desmalezadoras Chinas 43 52",MAQJEEZ-000022,3,0,3
45%,"BRIDA ADMISION HUSQVARNA 143RII","Brida Tobera Admisión Carburador Desmalezadoras Chinas 43 52",MAQJEEZ-000022,1,0,1
45%,"BUJIA 4T","Bujía Bull Service Para Motoguadaña 33-43-52cc",MAQJEEZ-000005,4,0,4
45%,"CABLE ACELERADOR DESMALEZADORA CHINA","Juego Juntas Motor Desmalezadora China 52cc Gamma Lusqtoff",MAQJEEZ-000017,2,0,2
45%,"CADENA PARA MOTOSIERRAS CHINAS","Tapa Arranque Para Desmalezadora Motoguadaña Chinas Moño",MAQJEEZ-000020,4,0,4
45%,"CAJA ENGRANAJES FS 280","Embrague Raisman Para Stihl Fs 160 220  280",MAQJEEZ-000023,10,0,10
45%,"CAMPANA DE EMBRAGUE PARA MOTOSIERRA 45CC A 58CC","Embrague Completo Para Desmalezadoras Chinas De 33 A 52cc",MAQJEEZ-000021,10,0,10
45%,"CAMPANA MAS BOMBA MAS SIN FIN","Bomba Sin Fin Aceite Mangueras Filtro Motosierra 45cc 52cc",MAQJEEZ-000066,4,0,4
45%,"CAMPANA MAS EMBRAGUE MOTOSIERRA","Campana De Embrague P/desmalezadoras 9 Estrías Genérico",MAQJEEZ-000042,5,0,5
45%,"CAMPANA MAS EMBRAGUE MOTOSIERRA 52CC CHINA","Tapa Arranque Completo Motosierra China 45/52cc",MAQJEEZ-000058,6,0,6
45%,"CAMPANA MAS SIN FIN","Bomba Sin Fin Aceite Mangueras Filtro Motosierra 45cc 52cc",MAQJEEZ-000066,6,0,6
45%,"CAMPANA REPUESTO DESMALEZADORA 52CC 9 ESTRIAS","Campana De Embrague P/desmalezadoras 9 Estrías Genérico",MAQJEEZ-000042,6,0,6
45%,"CAPUCHON DE BUJIA GRUPO 5.5 Y 13HP","Tapa De Arranque Grupo Electrogeno / Generador 5.5 - 6.5 Hp",MAQJEEZ-000026,7,0,7
45%,"CARBURADOR + FILTRO DESMALEZADORAS 52CC","Tanque Nafta 2 Agujeros Repuesto Desmalezadoras 33/43/52cc",MAQJEEZ-000006,9,0,9
45%,"CARBURADOR GRUPO 13HP 17HP","Kit Juntas Motor Gx390 13hp Grupo Electrgenos 6500w Chinos",MAQJEEZ-000077,5,0,5
45%,"CARBURADOR GRUPO ELECTROGENO 950","Tapa De Arranque Grupo Electrogeno / Generador 5.5 - 6.5 Hp",MAQJEEZ-000026,6,0,6
45%,"CARBURADOR GRUPO ELECTROGENO A GAS 2000W A 3500W","Avr Regulador Voltaje Tensión Grupo Electrogeno 2 A 3,5 Kva",MAQJEEZ-000134,6,0,6
45%,"CARBURADOR GRUPO ELECTROGENO NAFTA 5.5HP","Tapa De Arranque Grupo Electrogeno / Generador 5.5 - 6.5 Hp",MAQJEEZ-000026,6,0,6
45%,"CARBURADOR NAFTA  GRUPO ELECTROGENO  2500 - 3500","Canilla Grifo Paso Nafta Grupo Electrógeno Rosca Macho",MAQJEEZ-000032,8,0,8
45%,"CARBURADOR OFERTA X3 UNIDADES DESMALEZADORA 40CC 52CC 58CC","Carburador Desmalezadora Motoguadaña China 40cc 52cc Compatible Lusqtoff, Niwa Y Gamma",MAQJEEZ-000063,6,0,6
45%,"CARDAN DE 9 ESTRIAS Y 153CM","Campana De Embrague P/desmalezadoras 9 Estrías Genérico",MAQJEEZ-000042,6,0,6
45%,"CARRETEL AUTOMATICO NARANJA ECONOMICO","Carretel Kommberg Automatico Para Desmalezadora 42/52cc Negro",MAQJEEZ-000002,10,0,10
45%,"CARRETEL AUTOMATICO STHIL FS 160 220 280 450","Embrague Raisman Para Stihl Fs 160 220  280",MAQJEEZ-000023,5,0,5
45%,"CARRETEL BORDEADORA ELECTRICA UNIVERSAL","Carretel Cabezal Desmalezadora Lusqtoff Manual Universal Rosca Cabezal 8,5mm Apto Potencias 23 26 31 33 34 40 43 52cc Color Negro",MAQJEEZ-000037,8,0,8
45%,"CARTER COMPLETO DESMALEZARORA 52CC","Embrague Completo Para Desmalezadoras Chinas De 33 A 52cc",MAQJEEZ-000021,6,0,6
45%,"CARTER STHIL FS 280","Embrague Raisman Para Stihl Fs 160 220  280",MAQJEEZ-000023,3,0,3
45%,"CAZOLETA DE ARRANQUE CON TRINQUETES GX390","Cazoleta De Arranque Para Desmalezadora China P/alambre",MAQJEEZ-000051,10,0,10
45%,"CAÑO 26MM CON CARDAN 9 ESTRIAS","Caja De Engranaje Desmalezadora 9 Estrias 26mm 43 - 52 Cc",MAQJEEZ-000049,6,0,6
45%,"CEBADOR MAS PARACHOQUES MOTOSIERRA","Cebador Perilla Con Alambre Para Motosierra Chinas 52cc",MAQJEEZ-000149,6,0,6
45%,"CIGUEÑAL PÀRA DESMALEZADORA 40 A 58CC","Cazoleta Facil Arranque Para Desmalezadora 33 / 40 / 52 Cc",MAQJEEZ-000046,10,0,10
45%,"CUBRE ESPADA 50CM MOTOSIERRAS","Espada Para Motosierra Lusqtoff Largo 20 Pulgadas 50cm Lqe20",MAQJEEZ-000086,6,0,6
45%,"CUBRE MAGNETO DESMALEZADORA 52CC","Carretel Kommberg Automatico Para Desmalezadora 42/52cc Negro",MAQJEEZ-000002,6,0,6
45%,"CUCHILLA STHIL FS 280","Embrague Raisman Para Stihl Fs 160 220  280",MAQJEEZ-000023,6,0,6
45%,"DESMALEZADORA COMPLETA 52CC KLD LA MEJOR!!!","Tapa Filtro Filtrera Completa Para Desmalezadora China 52cc",MAQJEEZ-000080,10,0,10
45%,"EMBRAGUE MOTOSIERRA 170 - 180","Embrague Motosierra 45 / 52 Cc Niwa/omaha/lusqtoff/gamma",MAQJEEZ-000157,6,0,6
45%,"EMBRAGUE MOTOSIERRA CON MEDIDAS","Escape Con Espárragos Tuercas Junta Para Motosierra Niwa Kld",MAQJEEZ-000098,6,0,6
45%,"ESCAPE PARA 5.5HP","Escape Con Espárragos Tuercas Junta Para Motosierra Niwa Kld",MAQJEEZ-000098,10,0,10
45%,"ESPADA 18 PULGADAS MAS CADENA ARCHER","Repuesto Espada Motosierra Lusqtoff Largo 18 Pulgadas 45 Cm",MAQJEEZ-000123,3,0,3
45%,"ESTACTOR GRUPO ELECTROGENO 6500","Tapa De Arranque Grupo Electrogeno / Generador 5.5 - 6.5 Hp",MAQJEEZ-000026,2,0,2
45%,"FILTRO AIRE ECHO 4605","Filtro De Aire  Completo Desmalezadoras Bordeadoras 26 Cc",MAQJEEZ-000084,5,0,5
45%,"FILTRO AIRE MOTOSIERRA GRANDE","Manguera De Nafta Motosierra 45cc/52cc China + Filtro Niwa K",MAQJEEZ-000061,5,0,5
45%,"FILTRO DE AIRE PARA DESMALEZADORA 40 A 58CC","Kit De Manguera Para Desmalezadora  Y Filtro 26cc 33cc 52cc",MAQJEEZ-000096,8,0,8
45%,"FILTRO GOMA ESPUMA PARA CARBURADOR DESMALEZADORAS","Kit De Filtro De Aire Más Bujía Para Desmalezadoras Chinas",MAQJEEZ-000136,8,0,8
45%,"FILTRO GX240","Manguera De Combustible Desmalezador + Filtro + Tapón China",MAQJEEZ-000003,6,0,6
45%,"FILTRO NAFTA PARA GRUPOS Y TRACTOR","Kit De Manguera Para Desmalezadora  Y Filtro 26cc 33cc 52cc",MAQJEEZ-000096,1,0,1
45%,"FITRO STHIL FS 450","Filtro De Aire Cmc Para Motoguadaña Stihl Fs 450",MAQJEEZ-000118,0,0,0
45%,"GOMA BURLETE MOTOSIERRA 52CC","Tapa Lateral Freno Motosierra 52cc-58cc Compatible Repo Incluye Tensor",MAQJEEZ-000044,10,0,10
45%,"JUNTA BASE ADMISION DESMALEZADORA CARBURADOR 40CC A 58CC","Kit Service Carburador Desmalezadoras 40cc A 58cc",MAQJEEZ-000137,7,0,7
45%,"JUNTA BASE CILINDRO DESMALEZADORA 40-52CC","Carretel Cabezal Desmalezadora Lusqtoff Manual Universal Rosca Cabezal 8,5mm Apto Potencias 23 26 31 33 34 40 43 52cc Color Negro",MAQJEEZ-000037,6,0,6
45%,"KIIT CILINDRO SHINDAIWA C230 COMPLETO DESMALEZADORA","Motor Completo - Cilindro/block Para Desmalezadora 52cc",MAQJEEZ-000117,6,0,6
45%,"KIT 10 JUNTAS BASE DESMALEZADORAS 52CC","Kit Juntas Y Bombin Carburador Desmalezadora 33/43/52cc",MAQJEEZ-000007,7,0,7
45%,"KIT BASE CARBURADOR MAS BUJIA MOTOSIERRA","Base Brida Placa P/tubo Carburador Motosierra Completo Niwa",MAQJEEZ-000105,4,0,4
45%,"KIT CILINDRO COMPLETO STHIL FS 160","Kit Repuestos Stihl Fs 220/160/280 - Porta Campana Embrague",MAQJEEZ-000158,6,0,6
45%,"KIT CILINDRO COMPLETO STHIL FS 220","Kit Repuestos Stihl Fs 220/160/280 - Porta Campana Embrague",MAQJEEZ-000158,6,0,6
45%,"KIT CILINDRO COMPLETO STHIL FS 280","Kit Repuestos Stihl Fs 220/160/280 - Porta Campana Embrague",MAQJEEZ-000158,4,0,4
45%,"KIT CILINDRO ECHO 4300 CON JUNTAS","Kit Cilindro Pistón P/desmalezadora 52cc Gamma Chinas+juntas",MAQJEEZ-000060,7,0,7
45%,"KIT CILINDRO ECHO 4605","Kit Cilindro Pistón P/desmalezadora 52cc Gamma Chinas+juntas",MAQJEEZ-000060,6,0,6
45%,"KIT CILINDRO FS 400 DESMALEZADORA STHIL","Kit Cilindro Pistón P/desmalezadora 52cc Gamma Chinas+juntas",MAQJEEZ-000060,5,0,5
45%,"KIT CILINDRO HUSQVARNA 45","Kit Cilindro Pistón P/desmalezadora 52cc Gamma Chinas+juntas",MAQJEEZ-000060,6,0,6
45%,"KIT CILINDRO MOTOSIERRA 52CC CON JAULA Y JUNTAS","Kit Juntas Y Bombin Carburador Desmalezadora 33/43/52cc",MAQJEEZ-000007,9,0,9
45%,"KIT DE 2 CARRETELES AUTOMATICO LUSQTOFF","Kit Cigüeñal De Motosierra 52cc Chinas Niwa Lusqtoff Omaha L",MAQJEEZ-000093,7,0,7
45%,"KIT DE BOMBINES X20","Kit De Reparación Pelopincho  Parche Lona Pegamento Premium",MAQJEEZ-000036,0,0,0
45%,"KIT DE HERRAMIENTAS STHIL","Kit De Reparación Pelopincho  Parche Lona Pegamento Premium",MAQJEEZ-000036,10,0,10
45%,"KIT DE JUNTAS MOTOR FS 160 180 220 280 290","Depósito De Combustible Stihl 160 220 280 290",MAQJEEZ-000150,6,0,6
45%,"KIT DE JUNTAS PARA DESMALEZADORAS 40 A 58CC","Embrague Completo Para Desmalezadoras Chinas De 33 A 52cc",MAQJEEZ-000021,10,0,10
45%,"KIT DE MANGUERAS Y PASA MANGUERA CON BOMBINES","Kit De Manguera Para Desmalezadora  Y Filtro 26cc 33cc 52cc",MAQJEEZ-000096,6,0,6
45%,"KIT DE MANGUERAS Y PASA MANGUERAS","Kit De Manguera Para Desmalezadora  Y Filtro 26cc 33cc 52cc",MAQJEEZ-000096,7,0,7
45%,"KIT DE PISTON FS 450 COMPLETO","Filtro De Aire Cmc Para Motoguadaña Stihl Fs 450",MAQJEEZ-000118,5,0,5
45%,"KIT DE PISTON MOTOSIERRA 38CC 39MM","Kit Cigüeñal De Motosierra 52cc Chinas Niwa Lusqtoff Omaha L",MAQJEEZ-000093,5,0,5
45%,"KIT DE REPARACION CARBURADOR GRUPO ELECTROGENO 11 13HP","Polea De Arranque De Grupo Electrógeno Generador  13hp  15hp",MAQJEEZ-000085,6,0,6
45%,"KIT JUNTAS DESMALEZADORAS X3","Kit Juntas Y Bombin Carburador Desmalezadora 33/43/52cc",MAQJEEZ-000007,9,0,9
45%,"KIT PISTON 26CC 33MM","Kit Cilindro Pistón P/desmalezadora 52cc Gamma Chinas+juntas",MAQJEEZ-000060,7,0,7
45%,"KIT PISTON HUSQVARNA 365","Kit Cilindro Pistón P/desmalezadora 52cc Gamma Chinas+juntas",MAQJEEZ-000060,10,0,10
45%,"KIT PISTON HUSQVARNA 61","Kit Cilindro Pistón P/desmalezadora 52cc Gamma Chinas+juntas",MAQJEEZ-000060,5,0,5
45%,"KIT PISTON MOTOSIERRA 38CC","Kit Cilindro Pistón P/desmalezadora 52cc Gamma Chinas+juntas",MAQJEEZ-000060,6,0,6
45%,"KIT PISTON MS 361","Kit Cilindro Pistón P/desmalezadora 52cc Gamma Chinas+juntas",MAQJEEZ-000060,6,0,6
45%,"KIT PISTON STHIL FS 280 40MM","Kit Repuestos Stihl Fs 220/160/280 - Porta Campana Embrague",MAQJEEZ-000158,5,0,5
45%,"KIT X4 PISTONES MOTOSIERRA CHINA 52CC","Tapa Arranque Completo Motosierra China 45/52cc",MAQJEEZ-000058,10,0,10
45%,"MAGNETO PARA DESMALEZADORA 40 A 58CC","Cazoleta Facil Arranque Para Desmalezadora 33 / 40 / 52 Cc",MAQJEEZ-000046,10,0,10
45%,"MARIPOSA MOTOSIERRA","Bidon Mix 2t Economico Desmalezadora Motosierra Cuatriciclos",MAQJEEZ-000012,6,0,6
45%,"MOTOR COMPLETO CON TAPA DE ARRANQUE","Tapa De Arranque Desmalezadora 33 43 52cc Chinas Shimaha Pro",MAQJEEZ-000025,1,0,1
45%,"MOTOR DESMALEZADORA SIN CARBURADOR","Kit Juntas Y Bombin Carburador Desmalezadora 33/43/52cc",MAQJEEZ-000007,10,0,10
45%,"MOTOR PARA DESMALEZADORA 40CC A 58CC","Motor Nuevo Para Desmalezadora 52cc Niwa Omaha Lusqtoff Gamm",MAQJEEZ-000009,5,0,5
45%,"OJALES BRONCE PARA CARRETEL","Carretel Kommberg Automatico Para Desmalezadora 42/52cc Negro",MAQJEEZ-000002,7,0,7
45%,"PAR CONICO 9 ESTRIAS DESMALEZADORAS CHINAS","Campana De Embrague P/desmalezadoras 9 Estrías Genérico",MAQJEEZ-000042,4,0,4
45%,"PERILLA ENCENDIDO MOTOSIERRAS 52CC","Bobina Modulo De Encendido Desmalezadora 43 A 52cc Gamma Lq",MAQJEEZ-000033,0,0,0
45%,"PISTOLA HIDRO Y MANGUERA","Kit Desmalezadora 26/33/43/52cc Bombin+tapon,manguera Y Filt",MAQJEEZ-000048,7,0,7
45%,"POLEA REPARACION DESMALEZADORA 26CC","Tapa Polea Arranque Tipo Moño Para Desmalezadora 33 43 52cc",MAQJEEZ-000013,10,0,10
45%,"PRODUCTOS KLD Y TINROX","Kit Service Motosierras Llave Saca Bujía Y Herramientas Kld",MAQJEEZ-000054,2,0,2
45%,"PROTECTOR ANTI POLVO PARA MOTOSIERRA CHINA","Tecla De Encendido On / Off Para Motosierra China",MAQJEEZ-000059,10,0,10
45%,"PROTECTOR DE CARRETEL OMAHA","Protector Plástico Cabezal Tanza Desmalezadora Omaha Dn52",MAQJEEZ-000030,10,0,10
45%,"RESORTE RETRACTIL PARA MOTOSIERRA CHINA 45CC A 58CC","Motor Completo Para Motosierra China 52/58cc Omaha Kld Niwa",MAQJEEZ-000111,8,0,8
45%,"SOPORTE PLASTICO 4 AGUJEROS DE TANQUE GAMMA 44CC","Soporte De Tanque Plástico Para Motoguadañas 43 Y 52cc",MAQJEEZ-000065,3,0,3
45%,"SWICH DE ENCENDIDO DE GRUPO 5 Y 13HP","Tapa De Arranque Grupo Electrogeno / Generador 5.5 - 6.5 Hp",MAQJEEZ-000026,6,0,6
45%,"TACOS ANTIVIBRATORIO MOTOSIERRA CHINA","Tapa Arranque Completo Motosierra China 45/52cc",MAQJEEZ-000058,6,0,6
45%,"TANQUE NAFTA DESMALEZADORA 4 AGUJEROS GAMMA","Tanque Nafta 2 Agujeros Repuesto Desmalezadoras 33/43/52cc",MAQJEEZ-000006,9,0,9
45%,"TANZA 3MM X 10MTS","Tanza Grilon 2,5mm Cuadrada Desmalezadora Motoguadaña X 1kg Color Naranja",MAQJEEZ-000074,9,0,9
45%,"TAPA ARRANQUE CORTA CESPED 3.5HP","Junta Aluminio X 3 Para Tapa De Arranque Desmalezadora China",MAQJEEZ-000138,5,0,5
45%,"TAPA DE ARRANQUE MINI CUATRI 50CC","Tapa De Arranque Desmalezadora 33 43 52cc Chinas Shimaha Pro",MAQJEEZ-000025,5,0,5
45%,"TAPA DE ARRANQUE SRM 4605 ECHO","Tapa De Arranque Desmalezadora 33 43 52cc Chinas Shimaha Pro",MAQJEEZ-000025,4,0,4
45%,"TAPA DE FRENO GARDEN PLUS CAMUFLADA","Tapa Lateral De Freno Completo Para Motosierra 45/52cc Gp",MAQJEEZ-000053,7,0,7
45%,"TAPA MOÑO MAS TUERCA DE CAZOLETA","Tapa Arranque Moño + Cazoleta Desmalezadora Chinas 43-52cc",MAQJEEZ-000094,10,0,10
45%,"Tobera De Admisión Desmalezadora China 33cc","Cazoleta De Arranque Para Desmalezadora China P/alambre",MAQJEEZ-000051,8,0,8
45%,"TORNILLOS PARA EMBRAGUE DESMALEZADORA CHINAS 33CC A 58CC","Embrague Completo Para Desmalezadoras Chinas De 33 A 52cc",MAQJEEZ-000021,9,0,9
45%,"TRINQUETE GRUPO ELECTROGENO GX390","Tapa De Arranque Grupo Electrogeno / Generador 5.5 - 6.5 Hp",MAQJEEZ-000026,9,0,9
45%,"VALVULA ALIVIO MOTOSIERRA 52CC","Tapa Lateral Freno Motosierra 52cc-58cc Compatible Repo Incluye Tensor",MAQJEEZ-000044,5,0,5
45%,"VARILLA DE ALAMBRE ACELERADOR MOTOSIERRA 52CC","Tapa Lateral De Freno Completo Para Motosierra 45/52cc Gp",MAQJEEZ-000053,10,0,10

--- UNMATCHED ---
26%,"4 PRODUCTOS X5 UNIDADES MAYORISTA PARA DESMALEZADORAS","Embrague Completo Para Desmalezadoras Chinas De 33 A 52cc",--,--,--,--
30%,"ABRAZADERA ACOPLE 4 EN 1 - 1","Soporte Tanque De Combustible Desmalezadora China De 1 Litro",--,--,--,--
30%,"ABRAZADERA SUJECCION ARNES","Arnes Desmalezadora Motoguadaña 52 43 33 Lusqtoff Color Naranja",--,--,--,--
15%,"ACEITE 100ML LUSQTOFF SEMI SINTETICO PROFESIONAL","Arnes Desmalezadora Motoguadaña 52 43 33 Lusqtoff Color Naranja",--,--,--,--
30%,"ACEITE 2T LUSQTOFF NARANJA SEIMI SINTETICO","Arnes Desmalezadora Motoguadaña 52 43 33 Lusqtoff Color Naranja",--,--,--,--
26%,"ACEITE BLEND LUSQTOFF 2T X LITRO PREMIUM","Aceite Lubricante Motores 2t 100 Cm3 Desmalezadora",--,--,--,--
30%,"ACELERADOR COMPLETO + MANILLAR Y MANIJA IZQUIERDA","Acelerador Completo Para Desmalezadoras Niwa Omaha Lusqtoff",--,--,--,--
30%,"ACELERADOR HUSQVARNA 143RII","Acelerador Completo Para Desmalezadoras Niwa Omaha Lusqtoff",--,--,--,--
18%,"ACEPERAD0R  PARA 4 EN 1","Carretel Kommberg Automatico Para Desmalezadora 42/52cc Negro",--,--,--,--
18%,"ADAPTADOR CABEZAL CORTA CERCO 26MM","Cabezal Porta Tanza Carretel Desmalezadora Motoguadaña Bajo",--,--,--,--
26%,"ADAPTADOR PODADOR DE ALTURA KLD 12 PULGADAS","Patas De Motor / Tacos De Motor Generador 13hp 15hp Niwa Kld",--,--,--,--
18%,"ALAMBRE FLUX 0.9 LUSQTOFF","Arnes Desmalezadora Motoguadaña 52 43 33 Lusqtoff Color Naranja",--,--,--,--
28%,"ALERTA PARE FALTA ACEITE GRUPO ELECTROGENO TODOS LOS TAMAÑOS 5.5HP A 13HP","Avr Regulador Voltaje Tensión Grupo Electrogeno 2 A 3,5 Kva",--,--,--,--
36%,"AMOLADORA A BATERIA LUSQTOF BLACK","2 Interruptor Llave Tecla G720 Amoladora Black Decker",--,--,--,--
36%,"AMOLADORA LUSQTOF 850W 4.5","Pata De Motor / Tacos De Motor Generador X 4 Gn5.5/6.5",--,--,--,--
36%,"AMORTIGUADOR CAMPANA VIEJA 52CC DESMALEZADORA","Carretel Kommberg Automatico Para Desmalezadora 42/52cc Negro",--,--,--,--
27%,"Anillo De Piñón Para Accesorio Podador De Altura 38 Lp","Embrague Completo Para Desmalezadoras Chinas De 33 A 52cc",--,--,--,--
30%,"Arandela Centradora Desmalezadora Chinas 6 Estrias","Tapa Arranque Facil + Cazoleta Desmalezadora Chinas 43-52cc",--,--,--,--
30%,"ARNES GAMMA REFORZADO","Protector Cobertor Plastico Desmalezadoras Niwa Gamma Chinas",--,--,--,--
30%,"ARNES HUSQVARNA 143RII","Arnes Desmalezadora Motoguadaña 52 43 33 Lusqtoff Color Naranja",--,--,--,--
30%,"ARNES KLD PROFECIONAL","Arnes Desmalezadora Motoguadaña 52 43 33 Lusqtoff Color Naranja",--,--,--,--
30%,"ARNES OMAHA PROFECIONAL","Arnes Desmalezadora Motoguadaña 52 43 33 Lusqtoff Color Naranja",--,--,--,--
30%,"ARNES PROFECIONAL KLD","Arnes Desmalezadora Motoguadaña 52 43 33 Lusqtoff Color Naranja",--,--,--,--
23%,"AROS EL PAR DESMALEZADORA","Cabezal Porta Tanza Carretel Desmalezadora Motoguadaña Bajo",--,--,--,--
23%,"ARRANQUE 4 RUEDAS METAL","Tapa Arranque Facil + Cazoleta Desmalezadora Chinas 43-52cc",--,--,--,--
30%,"ASPIRADORA GAMMA  18L","Protector Cobertor Plastico Desmalezadoras Niwa Gamma Chinas",--,--,--,--
0%,"ATORNILLADOR TIL23","N/A",--,--,--,--
18%,"ATORNILLADORA CLORJAX 5 EN 1","Tapa De Arranque Grupo Electrogeno / Generador 5.5 - 6.5 Hp",--,--,--,--
13%,"Balancin Valvula Motoguadaña Umk 435 Original Honda","Cabezal Porta Tanza Carretel Desmalezadora Motoguadaña Bajo",--,--,--,--
0%,"BALANZA BRILIA","N/A",--,--,--,--
41%,"BARRAL CON CAJA SIN CARDAN 26MM PARA CARDAN DE 9 ESTRIAS","Caja De Engranaje Desmalezadora 9 Estrias 26mm 43 - 52 Cc",--,--,--,--
30%,"BISAGRA X2 CAZOLETA","Tapa Arranque Facil + Cazoleta Desmalezadora Chinas 43-52cc",--,--,--,--
30%,"BOBINA   HUSQVARNA 365","Bobina Modulo De Encendido Desmalezadora 43 A 52cc Gamma Lq",--,--,--,--
15%,"BOBINA CORTA CESPED 3.5HP BRIGS","Bobina Modulo De Encendido Desmalezadora 43 A 52cc Gamma Lq",--,--,--,--
23%,"BOBINA MAS MAGNETO MOTOSIERRA","Bidon Mix 2t Economico Desmalezadora Motosierra Cuatriciclos",--,--,--,--
36%,"BOLSA DE DORMIR PROFESIONAL PREMIUM","Kit De Reparación Pelopincho  Parche Lona Pegamento Premium",--,--,--,--
36%,"BOMBA CENTRIFUGA GAMMA CP100 1HP","Sin Fin De Bomba De Aceite Motosierra 45cc/52cc Gamma Chinas",--,--,--,--
36%,"BOMBA DE 1HP LUSQTOFF NARANJA","Arnes Desmalezadora Motoguadaña 52 43 33 Lusqtoff Color Naranja",--,--,--,--
27%,"BOMBA DE ACEITE HUSQVARNA 61 - 66 - 162 - 266 - 268 - 272","Sin Fin De Bomba De Aceite Motosierra 45cc/52cc Gamma Chinas",--,--,--,--
40%,"Bomba De Aceite Para Accesorio Podador De Altura Venrol","Sin Fin De Bomba De Aceite Motosierra 45cc/52cc Gamma Chinas",--,--,--,--
23%,"BOMBA PERIFERICA MEDIA OMAHA","Motor Nuevo Para Desmalezadora 52cc Niwa Omaha Lusqtoff Gamm",--,--,--,--
36%,"BOMBA PRESURISADORA LUSQTOFF 8.5","Carretel Cabezal Desmalezadora Lusqtoff Manual Universal Rosca Cabezal 8,5mm Apto Potencias 23 26 31 33 34 40 43 52cc Color Negro",--,--,--,--
18%,"BOMBA SUMERGIBLE LSI 750-ACERO","Bomba Sin Fin Aceite Mangueras Filtro Motosierra 45cc 52cc",--,--,--,--
39%,"BOMBA Y SIN FIN STHIL 170 180","Bomba Sin Fin Aceite Mangueras Filtro Motosierra 45cc 52cc",--,--,--,--
30%,"BOMBINES X10 UNIDADES","Filtro X10 Nafta Combustible Desmalezadora Motosierra 52 Cc",--,--,--,--
23%,"BORDEADORA SCHAFFER CON CARRITO","Escape Con Espárragos Tuercas Junta Para Motosierra Niwa Kld",--,--,--,--
30%,"BORNE PARA AUTOS","Carretel Kommberg Automatico Para Desmalezadora 42/52cc Negro",--,--,--,--
18%,"BOTELLA TERMICA LUSQTOFF 500ML VERDE","Arnes Desmalezadora Motoguadaña 52 43 33 Lusqtoff Color Naranja",--,--,--,--
40%,"Brida Tobera De Admision Desmalezadora Venrol D26 Chinas 26c","Brida Tobera Admisión Carburador Desmalezadoras Chinas 43 52",--,--,--,--
30%,"BUJIA 2T CHINA","Manguera De Combustible Desmalezador + Filtro + Tapón China",--,--,--,--
23%,"CABEZAL STHIL FS 38","Cabezal Porta Tanza Carretel Desmalezadora Motoguadaña Bajo",--,--,--,--
23%,"CABURADOR + MANGUERA + BONTINES + JUNTA","caburador nivwa",--,--,--,--
26%,"CAJA DE ENGRANAJES CON CARRETEL AUTOMATICO NARANJA","Carretel Kommberg Automatico Para Desmalezadora 42/52cc Negro",--,--,--,--
23%,"CAJA ENGRANAJES FS 55","Embrague Raisman Para Stihl Fs 160 220  280",--,--,--,--
36%,"CAMPANA 26MM 9T PARA DESMALEZADORA","Carretel Kommberg Automatico Para Desmalezadora 42/52cc Negro",--,--,--,--
10%,"CAMPANA CON PIÑON Y JAULA STHIL MS 170 180","Kit Juntas Y Bombin Carburador Desmalezadora 33/43/52cc",--,--,--,--
23%,"CAMPANA HUSQVARNA 143RII COMPLETA","Campana De Embrague P/desmalezadoras 9 Estrías Genérico",--,--,--,--
0%,"CANDADO LUXOM 70MM YALE PERNO","N/A",--,--,--,--
23%,"CARBURADOR ECHO SRM 4605","Kit Juntas Y Bombin Carburador Desmalezadora 33/43/52cc",--,--,--,--
30%,"CARBURADOR HUSQVARNA 365","Kit Juntas Y Bombin Carburador Desmalezadora 33/43/52cc",--,--,--,--
39%,"CARBURADOR MOTOSIERRA CON BOMBIN 45CC A 58CC","Kit Service Carburador Desmalezadoras 40cc A 58cc",--,--,--,--
18%,"CARBURADOR MS 170 -180 STHIL","Kit Juntas Y Bombin Carburador Desmalezadora 33/43/52cc",--,--,--,--
18%,"CARBURADOR OLEO MAC 740 - INTERNACIONAL","Kit Juntas Y Bombin Carburador Desmalezadora 33/43/52cc",--,--,--,--
30%,"CARBURADOR STIHL FS 120 200 250","Embrague Raisman Para Stihl Fs 160 220  280",--,--,--,--
34%,"CARCASA PLASTICA DESMALEZADORA 40 A 52CC VERDE LIMA","Bobina Modulo De Encendido Desmalezadora 43 A 52cc Gamma Lq",--,--,--,--
39%,"CARCASA PLASTICA DESMALEZADORA 52CC NARANJA Y NEGRA","Kit Juntas Y Bombin Carburador Desmalezadora 33/43/52cc",--,--,--,--
34%,"CARCASA PLASTICA DESMALEZADORA ROJA NARANJA 40 A 52CC","Bobina Modulo De Encendido Desmalezadora 43 A 52cc Gamma Lq",--,--,--,--
34%,"CARCASA PLASTICA PARA DESMALEZADORA 40 A 52CC NARANJA","Carretel Kommberg Automatico Para Desmalezadora 42/52cc Negro",--,--,--,--
18%,"CARCASA PLASTICA PARA HUSQVARNA 143RII","Carretel Kommberg Automatico Para Desmalezadora 42/52cc Negro",--,--,--,--
23%,"CARRETEL ARAÑA 10X1.25","Cabezal Porta Tanza Carretel Desmalezadora Motoguadaña Bajo",--,--,--,--
26%,"CARRETEL CORTE BAJO CON ADAPTADOR EXTRA STHIL","Cabezal Porta Tanza Carretel Desmalezadora Motoguadaña Bajo",--,--,--,--
36%,"CARRETEL CORTE BAJO MARIPOSA ALUMINIO","Cabezal Porta Tanza Carretel Desmalezadora Motoguadaña Bajo",--,--,--,--
36%,"CARRETEL CORTE BAJO MARIPOSA PLASTICA","Cabezal Porta Tanza Carretel Desmalezadora Motoguadaña Bajo",--,--,--,--
30%,"CARRETEL HUSQVARNA 143RII","Cabezal Porta Tanza Carretel Desmalezadora Motoguadaña Bajo",--,--,--,--
23%,"CARRITO PARA BORDEADORA SCHAFFER","Carretel Kommberg Automatico Para Desmalezadora 42/52cc Negro",--,--,--,--
33%,"CARTER CON CUBRE MAGNETO SIN CIGUEÑAL NI RODAMIENTOS DESMALEZADORA CHINA 52CC","Carter Volante Desmalezadora Niwa Gamma  52cc China",--,--,--,--
34%,"CARTER DESMALEZADORA CON CIGUEÑAL Y RULEMANES MAS RETENES","Kit Cigueñal+ Retenes+rodamientos Y Masmotosierra 52 A 58 Cc",--,--,--,--
23%,"CARTING LUSQTOFF 390 13HP","Arnes Desmalezadora Motoguadaña 52 43 33 Lusqtoff Color Naranja",--,--,--,--
30%,"CEBADOR HUSQVARNA 365","Cebador Perilla Con Alambre Para Motosierra Chinas 52cc",--,--,--,--
0%,"CERRADURA PRIVE 200","N/A",--,--,--,--
39%,"CILINDRO CON JAULA Y JUNTAS DE MOTOSIERRA","Kit Tapónes Para Tanque De Aceite Y Nafta Motosierra Garden",--,--,--,--
30%,"CILINDRO HUSQVARNA 365","Kit Cilindro Pistón P/desmalezadora 52cc Gamma Chinas+juntas",--,--,--,--
23%,"CILINDRO MS 180 STHIL","Kit Cilindro Pistón P/desmalezadora 52cc Gamma Chinas+juntas",--,--,--,--
30%,"COMBINACION DE IMAGENES","Manguera De Combustible Desmalezador + Filtro + Tapón China",--,--,--,--
30%,"COMBO AMOLADORA MAS TALADRO OREBRO KIT","Kit De Filtro De Aire Más Bujía Para Desmalezadoras Chinas",--,--,--,--
0%,"CORTA CERCO LUSQTOF 26CCC","N/A",--,--,--,--
23%,"CORTA CERCO LUSQTOFF 550W","Arnes Desmalezadora Motoguadaña 52 43 33 Lusqtoff Color Naranja",--,--,--,--
15%,"CORTA CESPED GAMMA 5.5HP AUTOPROPULSADA","Protector Cobertor Plastico Desmalezadoras Niwa Gamma Chinas",--,--,--,--
30%,"CORTINA BLACK OUT","2 Interruptor Llave Tecla G720 Amoladora Black Decker",--,--,--,--
30%,"CUBRE MAGNETO 143R2","Cubre Volante Motosierra +tapa Freno 45/52cc Tinrox Original",--,--,--,--
30%,"CUBRE MAGNETO DESMALEZADORA","Cabezal Porta Tanza Carretel Desmalezadora Motoguadaña Bajo",--,--,--,--
30%,"CUCHILLA 40 DIENTES WIDEA PREMIUM DESMALEZADORA","Cuchilla Para Desmalezadora - Tres Puntas - 25 Cm - Gamma",--,--,--,--
36%,"CUCHILLA CON TUERCA 10X1.25","Cuchilla Para Desmalezadora - Tres Puntas - 25 Cm - Gamma",--,--,--,--
30%,"CUCHITA DE PERROS Y GATOS 45X70","Soporte De Tanque Plástico Para Motoguadañas 43 Y 52cc",--,--,--,--
0%,"CUELLOS","N/A",--,--,--,--
0%,"CUÑA NIVELADORAS PORCELANATO","N/A",--,--,--,--
36%,"DEMOLEDOR OREBRO 60J DE OMAHA","Kit Cigüeñal De Motosierra 52cc Chinas Niwa Lusqtoff Omaha L",--,--,--,--
0%,"DESMA","N/A",--,--,--,--
36%,"DESMALEZADORA 4 EN 1 MANEKO","Soporte Tanque De Combustible Desmalezadora China De 1 Litro",--,--,--,--
18%,"EJE BOTADOR VALVULA 5.5HP","Tapa De Arranque Grupo Electrogeno / Generador 5.5 - 6.5 Hp",--,--,--,--
30%,"ELECTROSIERRA LUSQTOFF 2000W","Arnes Desmalezadora Motoguadaña 52 43 33 Lusqtoff Color Naranja",--,--,--,--
34%,"EMBRAGUE CON TORNILLOS PARA DESMALEZADORA 33CC A 58CC","Embrague Completo Para Desmalezadoras Chinas De 33 A 52cc",--,--,--,--
0%,"Engranajes Biela Tracción Corta Cerco","N/A",--,--,--,--
20%,"ESPADA 16 PULGADAS STHIL 025 3-8 LP 050","Espada Para Motosierra Lusqtoff Largo 20 Pulgadas 50cm Lqe20",--,--,--,--
23%,"FAJA PROTECTORA DE TRABAJO","Manguera De Combustible Desmalezador + Filtro + Tapón China",--,--,--,--
18%,"FICHA MACHO 3 PATAS REFORZADO","Canilla Grifo Paso Nafta Grupo Electrógeno Rosca Macho",--,--,--,--
36%,"FILTRO AIRE BRIGGS STRATION 796031","Filtro De Aire  Completo Desmalezadoras Bordeadoras 26 Cc",--,--,--,--
36%,"FILTRO AIRE BRIGS STRATION 798452","Filtro De Aire  Completo Desmalezadoras Bordeadoras 26 Cc",--,--,--,--
39%,"FILTRO AIRE CORTA CESPED 5.5 COMPLETO","Filtro De Aire  Completo Desmalezadoras Bordeadoras 26 Cc",--,--,--,--
30%,"FILTRO AIRE CORTA CESPED 5.5HP","Filtro De Aire  Completo Desmalezadoras Bordeadoras 26 Cc",--,--,--,--
23%,"FILTRO BRIGS STRATION GX100","Manguera De Combustible Desmalezador + Filtro + Tapón China",--,--,--,--
39%,"FILTRO DE AIRE KOHLER 47-083-03","Filtro De Aire  Completo Desmalezadoras Bordeadoras 26 Cc",--,--,--,--
33%,"FILTRO DE AIRE PARA 11 13 HP Gx 340 GX 390","Filtro De Aire Cmc Para Motoguadaña Stihl Fs 450",--,--,--,--
18%,"FILTRO MOTOR BRIGS STRATION 794422","Manguera De Combustible Desmalezador + Filtro + Tapón China",--,--,--,--
36%,"FILTRO TANQUE COMBUSTIBLE GRUPO 2500","Manguera De Combustible Desmalezador + Filtro + Tapón China",--,--,--,--
23%,"FLEX 15 A 20","Embrague Completo Para Desmalezadoras Chinas De 33 A 52cc",--,--,--,--
15%,"FLEXIBLE 26CC TRIPA BORDEADORA 85.5CM","Tapa Arranque 26cc Motoguadaña Desmalezadora Chinas 87x77mm Bull Service",--,--,--,--
36%,"GRASA PARA CAJA ENGRANAJES DESMALEZADORAS","Embrague Completo Para Desmalezadoras Chinas De 33 A 52cc",--,--,--,--
23%,"GRUPO OREBRO 2500 EP","Tapa De Arranque Grupo Electrogeno / Generador 5.5 - 6.5 Hp",--,--,--,--
23%,"GUIA ANTIPOLVO REGULACION MOTOSIERRA","Bidon Mix 2t Economico Desmalezadora Motosierra Cuatriciclos",--,--,--,--
30%,"HIDROLAVADORA LUSQTOFF HL120","Arnes Desmalezadora Motoguadaña 52 43 33 Lusqtoff Color Naranja",--,--,--,--
34%,"INDICADOR NIVEL COMBUSTIBLE TANQUE NAFTA GRUPO Y MOTOBOMBA","Kit Tapónes Para Tanque De Aceite Y Nafta Motosierra Garden",--,--,--,--
26%,"JAULA DE PERNO PISTON STHIL MS 361","Piston  Desmalezadora Chinas 52cc De 44mm De Diametro",--,--,--,--
34%,"JUEGO JUNTAS PARA CARBURADOR DIAFRAGMA 26CC A 58CC","Kit Juntas Y Diafragma Carburador Desmalezadora 33/43/52cc",--,--,--,--
26%,"JUNTA BASE CILINDRO DESMALEZADORA 40 A 58CC","Bobina Modulo De Encendido Desmalezadora 43 A 52cc Gamma Lq",--,--,--,--
36%,"JUNTA BASE CILINDRO MOTOSIERRA 52CC","Tapa Lateral Freno Motosierra 52cc-58cc Compatible Repo Incluye Tensor",--,--,--,--
39%,"JUNTAS DIAFRAGMA DESMALEZADORA CHINA 26CC A 58CC","Juego Juntas Motor Desmalezadora China 52cc Gamma Lusqtoff",--,--,--,--
36%,"JUNTAS GRUPO GX 390 CILINDRO","Kit Cilindro Pistón P/desmalezadora 52cc Gamma Chinas+juntas",--,--,--,--
39%,"KIT BOMBA Y CAMPANA MAS EMBRAGUE MOTOSIERRA","Kit Tapónes Para Tanque De Aceite Y Nafta Motosierra Garden",--,--,--,--
36%,"KIT CARBURADOR COMPLETO MS 361","Kit Juntas Y Bombin Carburador Desmalezadora 33/43/52cc",--,--,--,--
16%,"KIT Carburador Para Stihl Fs55 Fs55r Fs38 Fs45 Fs46 Km55 Z","Kit Juntas Y Bombin Carburador Desmalezadora 33/43/52cc",--,--,--,--
25%,"KIT CARBURADOR Y BOBINA COMPATIBLE STHIL FS 200 FS 250 FS300","Kit Juntas Y Bombin Carburador Desmalezadora 33/43/52cc",--,--,--,--
8%,"KIT CARBURADOR Y BOBINA STHIL FS 385 FS 45 FS45C FS46 FS46C FS55 FS55R FS55RC El cortasetos 55C Trimmer se adapta a los modelos cortasetos HL45 HL45Z HL45DZ; motor kombi KM55 KM55C KM55R KM55RC","Kit Service Carburador Desmalezadoras 40cc A 58cc",--,--,--,--
26%,"KIT CILINDO MS 380 381 STHIL MOTOSIERRA","Kit Cigüeñal De Motosierra 52cc Chinas Niwa Lusqtoff Omaha L",--,--,--,--
36%,"KIT CILINDRO 63CC NIWA SENSEI","Kit Cilindro Pistón P/desmalezadora 52cc Gamma Chinas+juntas",--,--,--,--
30%,"KIT CILINDRO COMPLETO 38CC 39MM MOTOSIERRAS","Kit Service Motosierras Llave Saca Bujía Y Herramientas Kld",--,--,--,--
36%,"KIT CILINDRO COMPLETO SHINDAIWA B45","Kit Cilindro Pistón P/desmalezadora 52cc Gamma Chinas+juntas",--,--,--,--
36%,"KIT CILINDRO MS 361 STIHL","Kit Cilindro Pistón P/desmalezadora 52cc Gamma Chinas+juntas",--,--,--,--
30%,"KIT CILINDRO STHIL FS 450 480","Kit Cilindro Pistón P/desmalezadora 52cc Gamma Chinas+juntas",--,--,--,--
30%,"KIT CILINDRO STHIL FS 460 ORIGINAL","Kit Cilindro Pistón P/desmalezadora 52cc Gamma Chinas+juntas",--,--,--,--
39%,"KIT COMPLETO DE BARRAL MAS CARDAN CAMPANA Y CAJA DE ENGRANAJES PARA DESMALEZADORA 33CC A 58CC","Kit De Manguera Para Desmalezadora  Y Filtro 26cc 33cc 52cc",--,--,--,--
34%,"KIT COMPLETO DE CILINDRO Y JUNTAS FS 280","Kit Juntas Y Bombin Carburador Desmalezadora 33/43/52cc",--,--,--,--
39%,"KIT COMPLETO PARA MOTOR FUERA DE BORDA","Embrague Completo Para Desmalezadoras Chinas De 33 A 52cc",--,--,--,--
30%,"KIT DE BOMBIN CLICP CON MANGUERAS","Kit Juntas Y Bombin Carburador Desmalezadora 33/43/52cc",--,--,--,--
26%,"KIT DE CILINDRO CORTA CERCO STHIL 45","Kit De Reparación Pelopincho  Parche Lona Pegamento Premium",--,--,--,--
30%,"KIT DE CILINDRO MOTO BICI 80CC","Kit De Reparación Pelopincho  Parche Lona Pegamento Premium",--,--,--,--
26%,"KIT DE CILINDRO ORIGINAL STIHL MS 382","Depósito De Combustible Stihl Fs160/220 Rocadeira",--,--,--,--
30%,"KIT DE CILINDRO STHIL MS 250","Kit De Reparación Pelopincho  Parche Lona Pegamento Premium",--,--,--,--
30%,"KIT DE MANGUERAS VIDEO CON VOZ","Kit De Reparación Pelopincho  Parche Lona Pegamento Premium",--,--,--,--
36%,"KIT DE PISTON MS 180","Piston  Desmalezadora Chinas 52cc De 44mm De Diametro",--,--,--,--
36%,"KIT DE PISTON MS 250","Piston  Desmalezadora Chinas 52cc De 44mm De Diametro",--,--,--,--
30%,"KIT DE REPARACION CARBURADOR 5.5HP GRUPOS Y MOTOBOMBAS","Kit Juntas Y Bombin Carburador Desmalezadora 33/43/52cc",--,--,--,--
15%,"KIT MAYORISTA CARCASA + ABARAZADERA MANILLAR + CLIPS","Kit Juntas Y Bombin Carburador Desmalezadora 33/43/52cc",--,--,--,--
39%,"KIT PAR CONICO 9 ESTRIAS CAJA ENGRANAJES","Caja De Engranaje Desmalezadora 9 Estrias 26mm 43 - 52 Cc",--,--,--,--
36%,"KIT PISTON 45CC 43MM MOTOSIERRA","Brida Admision Motosierra 45cc / 52cc Gamma Lusqtoff Chinas",--,--,--,--
36%,"KIT PISTON SRM 4605 ECHO","Kit Cilindro Pistón P/desmalezadora 52cc Gamma Chinas+juntas",--,--,--,--
36%,"KIT PISTON STHIL MS 170","Kit Cilindro Pistón P/desmalezadora 52cc Gamma Chinas+juntas",--,--,--,--
39%,"KIT VALVULAS GRUPO ELECTROGENO GX160 5.5HP","Tapa De Arranque Grupo Electrogeno / Generador 5.5 - 6.5 Hp",--,--,--,--
0%,"LAMPARA LUXOM 20W FRIA","N/A",--,--,--,--
30%,"LANZA PARA HIDROLAVADORA","Carretel Kommberg Automatico Para Desmalezadora 42/52cc Negro",--,--,--,--
26%,"LIMA PARA CADENA 3-16 4.8MM","Cuchilla 3 Puntas Raisman® Para Desmalezadora China",--,--,--,--
36%,"LIMAS RURIS RUMANA PARA MOTOSIERRA","Tapa Lateral De Freno Completo Para Motosierra 45/52cc Gp",--,--,--,--
40%,"Llave T Motosierra Desmalezadora Saca Bujía 19 X 13mm","Kit Service Desmalezadora Llave Saca Bujía Y Herramientas",--,--,--,--
36%,"MAGNETO MOTOSIERRA 52CC TRINQUETE PLASTICO","Tapa Lateral Freno Motosierra 52cc-58cc Compatible Repo Incluye Tensor",--,--,--,--
23%,"MANGUERA 1-2 X 15MTS VERDE Y AMARILLO","Kit Desmalezadora 26/33/43/52cc Bombin+tapon,manguera Y Filt",--,--,--,--
30%,"MANGUERA MALLADA 1-2 X 15MTS","Tanza Grilon 2,5mm Cuadrada Desmalezadora Motoguadaña X 1kg Color Naranja",--,--,--,--
30%,"MANGUERA X METRO","Manguera De Combustible Desmalezador + Filtro + Tapón China",--,--,--,--
23%,"MANIJA IZQUIERA DESMALEZADORA 19MM","Cabezal Porta Tanza Carretel Desmalezadora Motoguadaña Bajo",--,--,--,--
30%,"MARIPOSA CHICA MOTOSIERRA","Bidon Mix 2t Economico Desmalezadora Motosierra Cuatriciclos",--,--,--,--
23%,"MECHA HOYADORA 200X80 LUSQTOFF","Arnes Desmalezadora Motoguadaña 52 43 33 Lusqtoff Color Naranja",--,--,--,--
23%,"MEJORAR CALIDAD CON PHOTO","Arnés Desmalezadora Motoguadaña Universal 33 43 52cc Calidad",--,--,--,--
15%,"MESA 3 ESTANTES LUSQTOFF CON RUEDAS","Arnes Desmalezadora Motoguadaña 52 43 33 Lusqtoff Color Naranja",--,--,--,--
23%,"MEZCLADOR PINTURA OMAHA 1400W","Motor Nuevo Para Desmalezadora 52cc Niwa Omaha Lusqtoff Gamm",--,--,--,--
30%,"MOTOR BRIGGS 450E","Motor Nuevo Para Desmalezadora 52cc Niwa Omaha Lusqtoff Gamm",--,--,--,--
40%,"MOTOR CON CARBURADOR Y BOBINA MAS FILTRO DE AIRE","Filtro De Aire Para Motosierras De 45cc Y 52cc China Niwa Lq",--,--,--,--
36%,"MOTOR CORTA CERCO Y SOPLADOR","Carcasas Motor Y Escape Desmalezadora 52cc China Gamma",--,--,--,--
36%,"MOTOR DESMALEZADORA COMPLETO SIN CARBURADOR SIN TANQUE SIN BOBINA SIN PLASTICOS SIN EMBRAGUE SIN CAZOLETA","Bomba Sin Fin Aceite Mangueras Filtro Motosierra 45cc 52cc",--,--,--,--
30%,"MOTOR HUSQVARNA 365","Motor Nuevo Para Desmalezadora 52cc Niwa Omaha Lusqtoff Gamm",--,--,--,--
39%,"MOTOR SIN TAPA DE ARRANQUE NI TANQUE","Tapa De Arranque Desmalezadora 33 43 52cc Chinas Shimaha Pro",--,--,--,--
0%,"NUEVAS PUBLICACIONES KONECTA","N/A",--,--,--,--
0%,"NUEVAS PUBLICACIONES MARZO 24-2026","N/A",--,--,--,--
23%,"OJALES CARRETEL MANILA X5","Cabezal Porta Tanza Carretel Desmalezadora Motoguadaña Bajo",--,--,--,--
23%,"PAGINA DE TECNOLOGIA TEAMJEEZ","Manguera De Combustible Desmalezador + Filtro + Tapón China",--,--,--,--
30%,"PAR CONICO DESNALEZADORA CHINA 9 ESTRIAS","Campana De Embrague P/desmalezadoras 9 Estrías Genérico",--,--,--,--
30%,"PAR CONICO PARA DESMALEZADORA 7 ESTRIAS","Carretel Kommberg Automatico Para Desmalezadora 42/52cc Negro",--,--,--,--
30%,"PARCHE PILETA TF3","Kit De Reparación Pelopincho  Parche Lona Pegamento Premium",--,--,--,--
30%,"PASA MANGUERAS DESMALEZADORAS","Protector Cobertor Plastico Desmalezadoras Niwa Gamma Chinas",--,--,--,--
18%,"PAÑO DE MICRO FIBRA GRIS","Manguera De Combustible Desmalezador + Filtro + Tapón China",--,--,--,--
0%,"PHOTOROOM","N/A",--,--,--,--
0%,"PILA CANDELA CR 2032","N/A",--,--,--,--
0%,"PINTURA AL AGUA SINTETICA SINTEPLAST BLANCO SATINADO","N/A",--,--,--,--
23%,"PISTOLA PARA PINTAR TODO EN UNO LL32 LUSQTOFF","Motor Nuevo Para Desmalezadora 52cc Niwa Omaha Lusqtoff Gamm",--,--,--,--
39%,"PLACA GUIA VALVULA GRUPO ELECTROGENO 5.5HP","Tapa De Arranque Grupo Electrogeno / Generador 5.5 - 6.5 Hp",--,--,--,--
39%,"POLEA DE GRUPO MAS TRINQUETE GX 390","Polea De Arranque De Grupo Electrógeno Generador  13hp  15hp",--,--,--,--
36%,"PORTA CARBONES PARA GRUPO ELECTROGENO","Tapa De Arranque Grupo Electrogeno / Generador 5.5 - 6.5 Hp",--,--,--,--
23%,"PRESURIZADORA 4 BAÑOS LUSQTOFF","Arnes Desmalezadora Motoguadaña 52 43 33 Lusqtoff Color Naranja",--,--,--,--
30%,"PROTECTOR ANTIPOLVO MOTOSIERRA","Protector Cobertor Plastico Desmalezadoras Niwa Gamma Chinas",--,--,--,--
23%,"PROTECTOR DE TENSION 20AMP","Manguera De Combustible Desmalezador + Filtro + Tapón China",--,--,--,--
36%,"PROTECTOR TERMICO PARA GRUPO ELECTROGENO","Tapa De Arranque Grupo Electrogeno / Generador 5.5 - 6.5 Hp",--,--,--,--
0%,"prueba","N/A",--,--,--,--
0%,"PUBLICADOS","N/A",--,--,--,--
0%,"PUBLICIDAD ENVIOS EN EL DIA","N/A",--,--,--,--
30%,"RESISTENCIA TERMOTANQUE COMPLETA","Tapa Filtro Filtrera Completa Para Desmalezadora China 52cc",--,--,--,--
30%,"RESORTE DE ARRANQUE FACIL GANCHO CURVO","Tapa Arranque Facil + Cazoleta Desmalezadora Chinas 43-52cc",--,--,--,--
30%,"ROTOMARTILLO LUSQTOFF 850W","Arnes Desmalezadora Motoguadaña 52 43 33 Lusqtoff Color Naranja",--,--,--,--
0%,"Seagull","N/A",--,--,--,--
30%,"SENSITIVA GAMMA 2200W","Protector Cobertor Plastico Desmalezadoras Niwa Gamma Chinas",--,--,--,--
30%,"SET DE HERRAMIENTAS OMAHA 70 PIEZAS","Kit Cigüeñal De Motosierra 52cc Chinas Niwa Lusqtoff Omaha L",--,--,--,--
23%,"SIERRA CIRCULAR LUSQTOFF 1500W","Arnes Desmalezadora Motoguadaña 52 43 33 Lusqtoff Color Naranja",--,--,--,--
26%,"SISTEMA ARRANQUE CORTA CESPED 4.5 5HP","Tapa De Arranque Grupo Electrogeno / Generador 5.5 - 6.5 Hp",--,--,--,--
18%,"SOLDADORA LUSQTOFF IRON 140 COMPLETA","Arnes Desmalezadora Motoguadaña 52 43 33 Lusqtoff Color Naranja",--,--,--,--
11%,"SOLDADORA MEGA IRON 140 CON MALETIN SIN MASCARA","Bomba Sin Fin Aceite Mangueras Filtro Motosierra 45cc 52cc",--,--,--,--
0%,"SOLDADORA MEGA IRON 250","N/A",--,--,--,--
23%,"SOLDADORA SML150 -8 FLUX","Carretel Cabezal Desmalezadora Lusqtoff Manual Universal Rosca Cabezal 8,5mm Apto Potencias 23 26 31 33 34 40 43 52cc Color Negro",--,--,--,--
30%,"SOPLADOR LUSQTOFF 26CC","Arnes Desmalezadora Motoguadaña 52 43 33 Lusqtoff Color Naranja",--,--,--,--
30%,"SOPORTE AGARRE ARNES","Arnes Desmalezadora Motoguadaña 52 43 33 Lusqtoff Color Naranja",--,--,--,--
23%,"SOQUETES SUPER BALANCE FULL","Pack X12 Pares De Soquetes Cortos Unisex Talle Único",--,--,--,--
0%,"STRAPLESS","N/A",--,--,--,--
36%,"TACOS PARA GRUPO ELECTROGENO 2500","Tapa De Arranque Grupo Electrogeno / Generador 5.5 - 6.5 Hp",--,--,--,--
30%,"TALADRO IMPACTO GAMMA","Protector Cobertor Plastico Desmalezadoras Niwa Gamma Chinas",--,--,--,--
0%,"TALADRO INALAMBRICO ATL18W","N/A",--,--,--,--
18%,"TALADRO LUSQTOFF 12W 2 BATERIAS","Tanque Nafta 2 Agujeros Repuesto Desmalezadoras 33/43/52cc",--,--,--,--
36%,"TANQUE GRUPO ELECTROGENO  2500-3000","Tapa De Arranque Grupo Electrogeno / Generador 5.5 - 6.5 Hp",--,--,--,--
30%,"TANQUE NATA COMPLETO STHIL FS 280","Embrague Raisman Para Stihl Fs 160 220  280",--,--,--,--
34%,"TANZA EN BLISTER LUSQTOFF 2.4 X 15MTS","Tanza Grilon 2,5mm Cuadrada Desmalezadora Motoguadaña X 1kg Color Naranja",--,--,--,--
34%,"TAPA ARRANQUE 2 ALAMBRE CON CAZOLETA Y TORNILLOS","Tapa Arranque Facil + Cazoleta Desmalezadora Chinas 43-52cc",--,--,--,--
39%,"TAPA DE ARRANQUE MAS CUBRE VOLANTES MOTOSIERRA","Tapa De Arranque Desmalezadora 33 43 52cc Chinas Shimaha Pro",--,--,--,--
40%,"TAPA DE FILTRO Y TAPA DE CILINDRO MS 361","Tapa De Arranque Desmalezadora 33 43 52cc Chinas Shimaha Pro",--,--,--,--
26%,"TAPA DE TANQUE STHIL FS 100 - 130","Tapa De Arranque Desmalezadora 33 43 52cc Chinas Shimaha Pro",--,--,--,--
23%,"TAPA PIÑON MS 361","Tapa Arranque Facil + Cazoleta Desmalezadora Chinas 43-52cc",--,--,--,--
30%,"TAPA TERMO STANLEY","Tapa Arranque Facil + Cazoleta Desmalezadora Chinas 43-52cc",--,--,--,--
23%,"TERMOSTATO PARA TERMOTANQUE ELECTRICO","Carretel Kommberg Automatico Para Desmalezadora 42/52cc Negro",--,--,--,--
0%,"TIJERA MODISTA 26CM DORADA JAPONESA","N/A",--,--,--,--
30%,"Tobera De Admisión Desmalezadora China 33cc premium alta cal","Cazoleta De Arranque Para Desmalezadora China P/alambre",--,--,--,--
0%,"TRACTOR CRAFMAN 24HP","N/A",--,--,--,--
23%,"TRAMPA PARA RATA PEGAJOZA","Carretel Kommberg Automatico Para Desmalezadora 42/52cc Negro",--,--,--,--
18%,"TRINQUENTE STHIL MS 170 180","Juego De Juntas Compatible Desmalezadora Sthil Fs160/220/280",--,--,--,--
23%,"TRINQUETE CAZOLETA 2 PALETAS","Tanque Nafta 2 Agujeros Repuesto Desmalezadoras 33/43/52cc",--,--,--,--
15%,"TUBO DE NITRO 1MT + REGULARO + CARRITO","Manguera De Combustible Desmalezador + Filtro + Tapón China",--,--,--,--
30%,"TUBO NITROGENO 1-2 CON REGULADOR","Avr Regulador Voltaje Tensión Grupo Electrogeno 2 A 3,5 Kva",--,--,--,--
30%,"TUERCA MAS ARANDELA CAJA DE ENGRANAJES","Caja De Engranaje Desmalezadora 9 Estrias 26mm 43 - 52 Cc",--,--,--,--
15%,"VALVULA CHECK MOTO BOMBA 2 PULGADAS","Tanque Nafta 2 Agujeros Repuesto Desmalezadoras 33/43/52cc",--,--,--,--
13%,"VENTILADOR VITTA 3 EN 1 SUPER FRESS","Soporte Tanque De Combustible Desmalezadora China De 1 Litro",--,--,--,--
0%,"VIDEO TIKTOK 11-09-24","N/A",--,--,--,--
0%,"VIDEOS","N/A",--,--,--,--
0%,"VIDEOS PRODUCTOS 30-07","N/A",--,--,--,--
0%,"VIDEOS ULTIMA MERCADERIA","N/A",--,--,--,--
39%,"VOLANTE MAGNETICO PARA MINI CUATRI 50CC CRIKET","Volante Magnético Motosierras  45cc 50cc 52cc 58cc Gamma Kld",--,--,--,--
23%,"VOLVIMETRO 2000 A 6000W","Embrague Completo Para Desmalezadoras Chinas De 33 A 52cc",--,--,--,--
18%,"ZUNCHO MULTIPROPOSITO BLANCO 1.5MTS","Soporte Tanque De Combustible Desmalezadora China De 1 Litro",--,--,--,--

TOTAL: 354 matched, 250 unmatched out of 604 folders